,OBJECTID,APN,FLOOR,APN_DASH,BOOK,MAP,ITEM,PUC,OWNER_NAME,MAIL_ADDR1,MAIL_ADDR2,MAIL_CITY,MAIL_STATE,MAIL_CNTRY,MAIL_ZIP,PHYSICAL_STREET_NUM,PHYSICAL_STREET_DIR,PHYSICAL_STREET_NAME,PHYSICAL_STREET_TYPE,PHYSICAL_STREET_SUFFIX,PHYSICAL_STREET_POSTDIR,PHYSICAL_SUITE,PHYSICAL_CITY,PHYSICAL_ZIP,PHYSICAL_ADDRESS,MAIL_ADDRESS,DEED_NUMBER,DEED_DATE,SALE_DATE,SALE_PRICE,MCRNUM,MCR_BOOK,MCR_PAGE,SUBNAME,LAND_SIZE,LOT_NUM,BLOCK,TRACT,STR,CITY_ZONING,JURISDICTION,CONST_YEAR,LIVING_SPACE,INCAREOF,TAX_YR_CUR,FCV_CUR,LPV_CUR,LC_CUR,TAX_YR_PREV,FCV_PREV,LPV_PREV,LC_PREV,Shape_Length,Shape_Area,LONGITUDE,LATITUDE,geometry,gis_acres
0,1049736,40155001,1,401-55-001,401,55,001,4111,CV HARQUAHALA LLC,1121 W WARNER RD 109,,TEMPE,AZ,USA,85284,,,,,,,,,,,1121 W WARNER RD 109 TEMPE AZ USA 85284,20050904505,1235520000000,04/01/2010,94350000,,,,,1742400.0,,,,4 1S 8W,RU-190,NO CITY/TOWN,,,CLUB VISTA FINANCIAL SERVICES LLC,2024,"     118,650","      29,891",2.R,2023,"      77,200","      28,468",2.R,1929.5730716921726,232701.8957827858,-113.08073837090271,33.37191885827969,"POLYGON ((-113.07858676497482 33.3737424516671, -113.07856679003615 33.37011509427305, -113.08288988832352 33.37009524284696, -113.08291004202694 33.37372259431715, -113.07858676497482 33.3737424516671))",40.0
1,1049737,40155002,1,401-55-002,401,55,002,0014,CV HARQUAHALA LLC,1121 W WARNER RD 109,,TEMPE,AZ,USA,85284,,,,,,,,,,,1121 W WARNER RD 109 TEMPE AZ USA 85284,20050904505,1235520000000,04/01/2010,94350000,,,,,1821244.0,,,,4 1S 8W,RU-190,NO CITY/TOWN,,,CLUB VISTA FINANCIAL SERVICES LLC,2024,"     123,900","      53,405",2.R,2023,"      84,000","      50,862",2.R,1982.8361923105474,245520.3083790295,-113.08940732668665,33.37560566350402,"POLYGON ((-113.08725472503396 33.377521333116626, -113.08723331189252 33.373702587676135, -113.08831412890974 33.3736975614467, -113.0904757602493 33.373687483480616, -113.09155718003609 33.3736824272429, -113.09157901269076 33.37751541892951, -113.08725472952553 33.37752211552365, -113.08725472503396 33.377521333116626))",42.2
2,1049738,40155003,1,401-55-003,401,55,003,4111,CV HARQUAHALA LLC,1121 W WARNER RD 109,,TEMPE,AZ,USA,85284,,,,,,,,,,,1121 W WARNER RD 109 TEMPE AZ USA 85284,20050904505,1120089600000,06/01/2005,94350000,,,,,1742400.0,,,,4 1S 8W,RU-190,NO CITY/TOWN,,,CLUB VISTA FINANCIAL SERVICES LLC,2024,"     108,850","      35,868",2.R,2023,"      71,470","      34,160",2.R,1929.570278226291,232701.22183315805,-113.08506155498075,33.37189892874283,"POLYGON ((-113.08291004202694 33.37372259431715, -113.08288988832352 33.37009524284696, -113.08721297852607 33.3700752398729, -113.08723331189252 33.373702587676135, -113.08291004202694 33.37372259431715))",40.0
3,1049740,40155004B,1,401-55-004B,401,55,004B,4110,CV HARQUAHALA LLC,1121 W WARNER RD 109,,TEMPE,AZ,USA,85284,,,,,,,,,,,1121 W WARNER RD 109 TEMPE AZ USA 85284,20090163458,1235520000000,04/01/2010,94350000,,,,,1676189.0,,,,4 1S 8W,RU-190,NO CITY/TOWN,,,CLUB VISTA FINANCIAL SERVICES LLC,2024,"      65,031","      43,249",2.R,2023,"      61,568","      41,190",2.R,2002.9482765257528,223915.280451313,-113.08938463741453,33.37181287546399,"POLYGON ((-113.0904757602493 33.373687483480616, -113.09047420975712 33.3734126847876, -113.0883125847058 33.37342276353573, -113.08831412890974 33.3736975614467, -113.08723331189252 33.373702587676135, -113.08721297852607 33.3700752398729, -113.09153652417444 33.37005508460066, -113.09155718003609 33.3736824272429, -113.0904757602493 33.373687483480616))",38.49
4,1049741,40155005,1,401-55-005,401,55,005,4110,CV HARQUAHALA LLC,1121 W WARNER RD 109,,TEMPE,AZ,USA,85284,,,,,,,,,,,1121 W WARNER RD 109 TEMPE AZ USA 85284,20090163458,1235520000000,04/01/2010,94350000,,,,,3484800.0,,,,4 1S 8W,RU-190,NO CITY/TOWN,,,CLUB VISTA FINANCIAL SERVICES LLC,2024,"     135,200","      89,916",2.R,2023,"     128,000","      85,635",2.R,2903.665553299337,468840.2195276686,-113.08072461010829,33.36646886870848,"POLYGON ((-113.07856679003615 33.37011509427305, -113.07852686441336 33.362860852311584, -113.08291485789518 33.36284031572777, -113.08288988832352 33.37009524284696, -113.07856679003615 33.37011509427305))",80.59
5,1049742,40155006,1,401-55-006,401,55,006,4110,CV HARQUAHALA LLC,1121 W WARNER RD 109,,TEMPE,AZ,USA,85284,48210,W,DOBBINS,RD,,,,TONOPAH,85354,48210 W DOBBINS RD   TONOPAH  85354,1121 W WARNER RD 109 TEMPE AZ USA 85284,20090163458,1235520000000,04/01/2010,94350000,,,,,6969600.0,,,,4 1S 8W,RU-190,NO CITY/TOWN,,,CLUB VISTA FINANCIAL SERVICES LLC,2024,"     270,400","     179,830",2.R,2023,"     256,000","     171,267",2.R,3851.8193392199,927253.2380880511,-113.08720920516649,33.36645225757748,"POLYGON ((-113.08721297852607 33.3700752398729, -113.08288988832352 33.37009524284696, -113.08291485789518 33.36284031572777, -113.09149522862083 33.36279970846787, -113.09153652417444 33.37005508460066, -113.08721297852607 33.3700752398729))",159.39
6,1049743,40155007B,1,401-55-007B,401,55,007B,4110,CV HARQUAHALA LLC,1121 W WARNER RD 109,,TEMPE,AZ,USA,85284,,,,,,,,,,,1121 W WARNER RD 109 TEMPE AZ USA 85284,20090163458,1235520000000,04/01/2010,94350000,,,,,54450.0,,,,5 1S 8W,RU-190,NO CITY/TOWN,,,CLUB VISTA FINANCIAL SERVICES LLC,2024,"       2,112","       1,405",2.R,2023,"       2,000","       1,339",2.R,541.7124182969299,7272.190835151952,-113.10130010593589,33.3736119264436,"POLYGON ((-113.1002196370158 33.37372526196895, -113.10021891117707 33.37349855028266, -113.10238057126269 33.37349859079268, -113.10238130428796 33.37372530247887, -113.1002196370158 33.37372526196895))",1.25
7,1049745,40155007F,1,401-55-007F,401,55,007F,4110,CV HARQUAHALA LLC,1121 W WARNER RD 109,,TEMPE,AZ,USA,85284,,,,,,,,,,,1121 W WARNER RD 109 TEMPE AZ USA 85284,20090163458,1235520000000,04/01/2010,94350000,,,,,2041657.0,,,,5 1S 8W,RU-190,NO CITY/TOWN,,,CLUB VISTA FINANCIAL SERVICES LLC,2024,"      79,210","      52,679",2.R,2023,"      74,992","      50,171",2.R,2266.453245557348,272684.5371571042,-113.10341393912117,33.37202880072854,"POLYGON ((-113.10238130428796 33.37372530247887, -113.10238057126269 33.37349859079268, -113.10021891117707 33.37349855028266, -113.10021153600857 33.37119709179698, -113.10211112788143 33.37119713005747, -113.10210891173762 33.37051012778283, -113.10263293228051 33.3705101337845, -113.10263160097726 33.370097931615966, -113.10604426930058 33.37009791511125, -113.1060561360455 33.373725283724305, -113.10238130428796 33.37372530247887))",46.87
8,1049746,40155007G,1,401-55-007G,401,55,007G,4110,CV HARQUAHALA LLC,1121 W WARNER RD 109,,TEMPE,AZ,USA,85284,,,,,,,,,,,1121 W WARNER RD 109 TEMPE AZ USA 85284,20050904505,1271635200000,04/01/2010,94350000,,,,,1132560.0,,,,5 1S 8W,RU-190,NO CITY/TOWN,,,CLUB VISTA FINANCIAL SERVICES LLC,2024,"      43,940","      29,221",2.R,2023,"      41,600","      27,830",2.R,1592.7896514544775,151280.26415391226,-113.10745549230582,33.37191153579415,"POLYGON ((-113.1060561360455 33.373725283724305, -113.10604426930058 33.37009791511125, -113.108854945111 33.37009783033703, -113.10886661961644 33.37372519670303, -113.1060561360455 33.373725283724305))",26.0
9,1049747,40155008,1,401-55-008,401,55,008,4111,CV HARQUAHALA LLC,1121 W WARNER RD 109,,TEMPE,AZ,USA,85284,,,,,,,,,,,1121 W WARNER RD 109 TEMPE AZ USA 85284,20090163458,1235520000000,04/01/2010,94350000,,,,,3484800.0,,,,5 1S 8W,RU-190,NO CITY/TOWN,,,CLUB VISTA FINANCIAL SERVICES LLC,2024,"     148,100","      62,110",2.R,2023,"     103,580","      59,153",2.R,2935.894839349577,486448.845851947,-113.10454929849521,33.375620793384186,"POLYGON ((-113.10238130428796 33.37372530247887, -113.1060561360455 33.373725283724305, -113.10886661961644 33.37372519670303, -113.10887882682282 33.37751648639383, -113.10023179032329 33.3775161330729, -113.1002196370158 33.37372526196895, -113.10238130428796 33.37372530247887))",83.6
10,1049750,40155010,1,401-55-010,401,55,010,4111,CV HARQUAHALA LLC,1121 W WARNER RD 109,,TEMPE,AZ,USA,85284,,,,,,,,,,,1121 W WARNER RD 109 TEMPE AZ USA 85284,20090163458,1235520000000,04/01/2010,94350000,,,,,6969600.0,,,,9 1S 8W,RU-190,NO CITY/TOWN,,,CLUB VISTA FINANCIAL SERVICES LLC,2024,"     304,200","     100,992",2.R,2023,"     202,800","      96,183",2.R,3851.5288855552626,927104.986835021,-113.08721176633343,33.35919048204202,"POLYGON ((-113.08291485789518 33.36284031572777, -113.08290408978985 33.35920527829677, -113.0828933423458 33.355575431449104, -113.09155759954933 33.35556996597393, -113.09152865762752 33.35892461294702, -113.09149522862083 33.36279970846787, -113.08291485789518 33.36284031572777))",159.4
11,1049759,40155022,1,401-55-022,401,55,022,0014,CV HARQUAHALA LLC,1121 W WARNER RD 109,,TEMPE,AZ,USA,85284,,,,,,,,,,,1121 W WARNER RD 109 TEMPE AZ USA 85284,20090163458,1235520000000,04/01/2010,94350000,,,,,6969600.0,,,,17 1S 8W,RU-190,NO CITY/TOWN,,,CLUB VISTA FINANCIAL SERVICES LLC,2024,"     147,700","      60,756",2.R,2023,"     105,700","      57,863",2.R,3875.5333315904027,938543.6845502964,-113.09585347402215,33.34474816331181,"POLYGON ((-113.10018989469505 33.34108488362207, -113.10019275672757 33.34831819817921, -113.0915525429326 33.348500103771485, -113.09155063491094 33.344873414834176, -113.09154865053247 33.34108898266005, -113.10018989469505 33.34108488362207))",161.42
12,1049760,40155023,1,401-55-023,401,55,023,4110,CV HARQUAHALA LLC,1121 W WARNER RD 109,,TEMPE,AZ,USA,85284,,,,,,,,,,,1121 W WARNER RD 109 TEMPE AZ USA 85284,20090163458,1235520000000,04/01/2010,94350000,,,,,9854579.0,,,,6 1S 8W,RU-190,NO CITY/TOWN,,,CLUB VISTA FINANCIAL SERVICES LLC,2024,"     382,328","     254,266",2.R,2023,"     361,968","     242,159",2.R,4741.904190983641,1328749.675318651,-113.12158735452776,33.36831851060863,"POLYGON ((-113.11751880166591 33.37380671833255, -113.1175100071593 33.370097170898426, -113.11749322842641 33.362836030894805, -113.12566794512261 33.36283593260851, -113.12566914617015 33.3700949682684, -113.12566914706846 33.370096107844375, -113.12566976690601 33.373805979402654, -113.11751880166591 33.37380671833255))",228.4
13,1049761,40155024,1,401-55-024,401,55,024,4110,CV HARQUAHALA LLC,1121 W WARNER RD 109,,TEMPE,AZ,USA,85284,,,,,,,,,,,1121 W WARNER RD 109 TEMPE AZ USA 85284,20100327801,1271635200000,04/01/2010,94350000,,,,,3427301.0,,,,6 1S 8W,RU-190,NO CITY/TOWN,,,CLUB VISTA FINANCIAL SERVICES LLC,2024,"     132,969","      88,428",2.R,2023,"     125,888","      84,218",2.R,2802.8641813522827,448490.044895444,-113.12159671579846,33.37566092807644,"POLYGON ((-113.11866135989264 33.37751625309696, -113.11752760066415 33.377516262848914, -113.11751880166591 33.37380671833255, -113.12566976690601 33.373805979402654, -113.12567039393008 33.377515959788084, -113.11866135989264 33.37751625309696))",77.08
14,1049762,40155025,1,401-55-025,401,55,025,0014,CV HARQUAHALA LLC,1121 W WARNER RD 109,,TEMPE,AZ,USA,85284,,,,,,,,,,,1121 W WARNER RD 109 TEMPE AZ USA 85284,20050904505,1120089600000,06/01/2005,94350000,,,,,6969600.0,,,,17 1S 8W,RU-190,NO CITY/TOWN,,,CLUB VISTA FINANCIAL SERVICES LLC,2024,"     154,900","      63,201",2.R,2023,"     111,000","      60,192",2.R,3864.737534953828,933494.7303648022,-113.09586700688118,33.337445546569136,"POLYGON ((-113.09154865053247 33.34108898266005, -113.0915467362226 33.337431051858744, -113.09154484347229 33.333803316512615, -113.10018703535751 33.33380526863442, -113.10018989469505 33.34108488362207, -113.09154865053247 33.34108898266005))",160.57
15,1049763,40155026,1,401-55-026,401,55,026,4110,CV HARQUAHALA LLC,1121 W WARNER RD 109,,TEMPE,AZ,USA,85284,,,,,,,,,,,1121 W WARNER RD 109 TEMPE AZ USA 85284,20090163458,1235520000000,04/01/2010,94350000,,,,,1820808.0,,,,6 1S 8W,RU-190,NO CITY/TOWN,,,CLUB VISTA FINANCIAL SERVICES LLC,2024,"      70,642","      46,981",2.R,2023,"      66,880","      44,744",2.R,2010.2740814726033,252569.5105155015,-113.111117294585,33.375620561133736,"POLYGON ((-113.1133574136044 33.373724925136656, -113.113366227874 33.37751649689589, -113.11001444376735 33.377516583913376, -113.10887882682282 33.37751648639383, -113.10886661961644 33.37372519670303, -113.1133574136044 33.373724925136656))",43.41
16,1049765,40155027,1,401-55-027,401,55,027,4110,CV HARQUAHALA LLC,1121 W WARNER RD 109,,TEMPE,AZ,USA,85284,,,,,,,,,,,1121 W WARNER RD 109 TEMPE AZ USA 85284,20090163458,1235520000000,04/01/2010,94350000,,,,,3563208.0,,,,6 1S 8W,RU-190,NO CITY/TOWN,,,CLUB VISTA FINANCIAL SERVICES LLC,2024,"     138,242","      91,938",2.R,2023,"     130,880","      87,560",2.R,2904.3702054779515,458108.85193349316,-113.11543821192852,33.37380692586236,"POLYGON ((-113.113366227874 33.37751649689589, -113.1133574136044 33.373724925136656, -113.11334898740706 33.37009756326065, -113.1175100071593 33.370097170898426, -113.11751880166591 33.37380671833255, -113.11752760066415 33.377516262848914, -113.113366227874 33.37751649689589))",78.74
17,1049766,40155028,1,401-55-028,401,55,028,4110,CV HARQUAHALA LLC,1121 W WARNER RD 109,,TEMPE,AZ,USA,85284,,,,,,,,,,,1121 W WARNER RD 109 TEMPE AZ USA 85284,20100327801,1271635200000,04/01/2010,94350000,,,,,6969600.0,,,,6 1S 8W,RU-190,NO CITY/TOWN,,,CLUB VISTA FINANCIAL SERVICES LLC,2024,"     270,400","     186,160",2.R,2023,"     256,000","     177,296",2.R,3863.589208482428,932955.5997091715,-113.11317227130617,33.36646606233814,"POLYGON ((-113.11334898740706 33.37009756326065, -113.108854945111 33.37009783033703, -113.1088315880153 33.36283497975644, -113.11749322842641 33.362836030894805, -113.1175100071593 33.370097170898426, -113.11334898740706 33.37009756326065))",160.37
18,1049768,40155029,1,401-55-029,401,55,029,4117,CV HARQUAHALA LLC,1121 W WARNER RD 109,,TEMPE,AZ,USA,85284,,,,,,,,,,,1121 W WARNER RD 109 TEMPE AZ USA 85284,20090163458,1235520000000,04/01/2010,94350000,,,,,6969600.0,,,,5 1S 8W,RU-190,NO CITY/TOWN,1936,,CLUB VISTA FINANCIAL SERVICES LLC,2024,"     285,160","     156,602",2.R,2023,"     268,400","     149,145",2.R,3863.5854194345716,932942.7392536004,-113.10451809454688,33.36646212457211,"POLYGON ((-113.10604426930058 33.37009791511125, -113.10263160097726 33.370097931615966, -113.10020801461266 33.37009788660312, -113.10018470602598 33.36281769036696, -113.1088315880153 33.36283497975644, -113.108854945111 33.37009783033703, -113.10604426930058 33.37009791511125))",160.37
19,1049769,40155030,1,401-55-030,401,55,030,4110,CV HARQUAHALA LLC,1121 W WARNER RD 109,,TEMPE,AZ,USA,85284,,,,,,,,,,,1121 W WARNER RD 109 TEMPE AZ USA 85284,20090163458,1235520000000,04/01/2010,94350000,,,,,1742400.0,,,,6 1S 8W,RU-190,NO CITY/TOWN,,,CLUB VISTA FINANCIAL SERVICES LLC,2024,"      67,600","      44,956",2.R,2023,"      64,000","      42,816",2.R,1967.2306589215314,241805.49601521136,-113.11110699034565,33.37191116029206,"POLYGON ((-113.10886661961644 33.37372519670303, -113.108854945111 33.37009783033703, -113.11334898740706 33.37009756326065, -113.1133574136044 33.373724925136656, -113.10886661961644 33.37372519670303))",41.56
20,1049770,40155031C,1,401-55-031C,401,55,031C,4111,CV HARQUAHALA LLC,1121 W WARNER RD 109,,TEMPE,AZ,USA,85284,,,,,,,,,,,1121 W WARNER RD 109 TEMPE AZ USA 85284,20090163458,1235520000000,04/01/2010,94350000,,,,,3746160.0,,,,8 1S 8W,RU-190,NO CITY/TOWN,,,CLUB VISTA FINANCIAL SERVICES LLC,2024,"     164,100","      72,644",2.R,2023,"     117,710","      69,185",2.R,2966.0388050587235,499638.9202564837,-113.09585151614905,33.36086863253902,"POLYGON ((-113.09149522862083 33.36279970846787, -113.09152865762752 33.35892461294702, -113.10018648469024 33.358927772506206, -113.100186364316 33.35919103744036, -113.10018470602598 33.36281769036696, -113.09149522862083 33.36279970846787))",85.9
21,1049771,40155031D,1,401-55-031D,401,55,031D,4110,CV HARQUAHALA LLC,1121 W WARNER RD 109,,TEMPE,AZ,USA,85284,,,,,,,,,,,1121 W WARNER RD 109 TEMPE AZ USA 85284,20090163458,1235520000000,04/01/2010,94350000,,,,,3223440.0,,,,8 1S 8W,RU-190,NO CITY/TOWN,,,CLUB VISTA FINANCIAL SERVICES LLC,2024,"     125,060","      83,170",2.R,2023,"     118,400","      79,210",2.R,2818.806589738866,430263.2521288997,-113.09586533181509,33.35724958521755,"POLYGON ((-113.09152865762752 33.35892461294702, -113.09155759954933 33.35556996597393, -113.10018802350434 33.35557244359604, -113.10018648469024 33.358927772506206, -113.09152865762752 33.35892461294702))",73.98
22,1049772,40155032A,1,401-55-032A,401,55,032A,4110,CV HARQUAHALA LLC,1121 W WARNER RD 109,,TEMPE,AZ,USA,85284,,,,,,,,,,,1121 W WARNER RD 109 TEMPE AZ USA 85284,20090163458,1235520000000,04/01/2010,94350000,,,,,6708240.0,,,,8 1S 8W,RU-190,NO CITY/TOWN,1936,,CLUB VISTA FINANCIAL SERVICES LLC,2024,"     268,269","     147,949",2.R,2023,"     253,100","     140,904",2.R,3858.379547740975,895402.7115898731,-113.10466600928498,33.359271143051394,"POLYGON ((-113.10018470602598 33.36281769036696, -113.100186364316 33.35919103744036, -113.10083475211839 33.359194542882186, -113.10083638615392 33.35557265669257, -113.10883210185165 33.355575917669306, -113.1088315880153 33.36283497975644, -113.10018470602598 33.36281769036696))",153.95
23,1049773,40155032B,1,401-55-032B,401,55,032B,4110,CV HARQUAHALA LLC,1121 W WARNER RD 109,,TEMPE,AZ,USA,85284,,,,,,,,,,,1121 W WARNER RD 109 TEMPE AZ USA 85284,20090163458,1235520000000,04/01/2010,94350000,,,,,261360.0,,,,8 1S 8W,RU-190,NO CITY/TOWN,,,CLUB VISTA FINANCIAL SERVICES LLC,2024,"      10,140","       6,743",2.R,2023,"       9,600","       6,422",2.R,1109.3353872739988,34824.64598825994,-113.10051143056951,33.35738268282771,"POLYGON ((-113.100186364316 33.35919103744036, -113.10018648469024 33.358927772506206, -113.10018802350434 33.35557244359604, -113.10083638615392 33.35557265669257, -113.10083475211839 33.359194542882186, -113.100186364316 33.35919103744036))",5.99
24,1049775,40156001,1,401-56-001,401,56,001,4110,CV HARQUAHALA LLC,1121 W WARNER RD 109,,TEMPE,AZ,USA,85284,,,,,,,,,,,1121 W WARNER RD 109 TEMPE AZ USA 85284,20090163458,1235520000000,04/01/2010,94350000,,,,,6969600.0,,,,1 1S 9W,RU-43,NO CITY/TOWN,,,CLUB VISTA FINANCIAL SERVICES LLC,2024,"     270,400","     179,830",2.R,2023,"     256,000","     171,267",2.R,3859.172923363918,930812.6928799591,-113.12998919747619,33.36646479458433,"POLYGON ((-113.12566914617015 33.3700949682684, -113.12566794512261 33.36283593260851, -113.12997977584138 33.36283438103528, -113.13430551158244 33.36283267340434, -113.134313414062 33.370093652391965, -113.12566914617015 33.3700949682684))",160.01
25,1049835,40157008K,1,401-57-008K,401,57,008K,4110,CV HARQUAHALA LLC,1121 W WARNER RD 109,,TEMPE,AZ,USA,85284,10649,S,JOJOBA,WAY,,,,TONOPAH,85354,10649 S JOJOBA WAY   TONOPAH  85354,1121 W WARNER RD 109 TEMPE AZ USA 85284,20090163458,1235520000000,04/01/2010,94350000,,,,,75620.0,,,,9 1S 9W,RU-43,NO CITY/TOWN,,,CLUB VISTA FINANCIAL SERVICES LLC,2024,"       2,933","       1,213",2.R,2023,"       2,778","       1,156",2.R,442.1595011844969,12112.83812084114,-113.19416331262464,33.348929887311165,"POLYGON ((-113.19371298598674 33.34938366618449, -113.19371322493859 33.34847684134434, -113.19461363509394 33.34847610670182, -113.19461340422693 33.349382932300024, -113.19371298598674 33.34938366618449))",2.08
26,1049865,40157005A,1,401-57-005A,401,57,005A,0014,CV HARQUAHALA LLC,1121 W WARNER RD 109,,TEMPE,AZ,USA,85284,,,,,,,,,,,1121 W WARNER RD 109 TEMPE AZ USA 85284,20090163458,1235520000000,04/01/2010,94350000,,,,,13571989.0,,,,17 1S 9W,RU-43,NO CITY/TOWN,,,CLUB VISTA FINANCIAL SERVICES LLC,2024,"   1,008,400","     259,510",2.R,2023,"     413,000","     247,153",2.R,5710.08537627914,1812463.0335926737,-113.19908103609434,33.34108959711681,"POLYGON ((-113.19480246096667 33.33465724966835, -113.19480259840891 33.33395144948491, -113.20336387634153 33.33395413486741, -113.2033604241159 33.341094693695815, -113.20335698895826 33.34823686128086, -113.19479386768266 33.34821490373467, -113.1948012051219 33.3410833301602, -113.19480166326271 33.33872722489094, -113.19480190760446 33.33747197715552, -113.19480226333731 33.335661540294694, -113.19480246096667 33.33465724966835))",311.74
27,1050361,40157622,1,401-57-622,401,57,622,4110,CV HARQUAHALA LLC,1121 W WARNER RD 109,,TEMPE,AZ,USA,85284,,,,,,,,,,,1121 W WARNER RD 109 TEMPE AZ USA 85284,20090163458,1235520000000,04/01/2010,94350000,224-45,224,45,HARQUAHALA PLANTATIONS,1681416.0,1,,,9 1S 9W,RU-43,NO CITY/TOWN,,,CLUB VISTA FINANCIAL SERVICES LLC,2024,"      65,234","      26,997",2.R,2023,"      61,760","      25,712",2.R,1945.7080642392848,219629.5827558264,-113.192486172131,33.350260822979465,"POLYGON ((-113.19044423945 33.348479451238916, -113.19044425651799 33.34832831285182, -113.19371326446446 33.34832570370314, -113.19371322493859 33.34847684134434, -113.19371298598674 33.34938366618449, -113.19461340422693 33.349382932300024, -113.19479348859362 33.349382784472525, -113.19479329455751 33.35015496638309, -113.19479306818207 33.35105794681248, -113.19479295499434 33.35151152105768, -113.19479284270491 33.351962186002666, -113.19044383071653 33.3520246348509, -113.19044423945 33.348479451238916))",37.77
28,1050362,40157623,1,401-57-623,401,57,623,4110,CV HARQUAHALA LLC,1121 W WARNER RD 109,,TEMPE,AZ,USA,85284,,,,,,,,,,,1121 W WARNER RD 109 TEMPE AZ USA 85284,20090163458,1235520000000,04/01/2010,94350000,224-45,224,45,HARQUAHALA PLANTATIONS,1677060.0,2,,,9 1S 9W,RU-43,NO CITY/TOWN,,,CLUB VISTA FINANCIAL SERVICES LLC,2024,"      65,065","      26,928",2.R,2023,"      61,600","      25,646",2.R,1927.1530697502676,225483.1471423229,-113.19257013869523,33.35374833291926,"POLYGON ((-113.19390455261937 33.35559335706482, -113.19341010641227 33.35559357916531, -113.19291565930683 33.355593799765145, -113.19242121220141 33.35559401811398, -113.19192676509599 33.355594234962176, -113.1914323188889 33.3555944503096, -113.19093787088514 33.35559466265574, -113.19044342467804 33.355594872750856, -113.19044383071653 33.3520246348509, -113.19479284270491 33.351962186002666, -113.19479261632948 33.35286752933929, -113.1947923890557 33.35377600274674, -113.19479223724043 33.354383851446364, -113.19479208722178 33.354988402637815, -113.19468402977456 33.35498930830405, -113.19402913727119 33.35499479632601, -113.19402898276094 33.355593300039, -113.19390455261937 33.35559335706482))",38.77
29,1050363,40157624,1,401-57-624,401,57,624,4110,CV HARQUAHALA LLC,1121 W WARNER RD 109,,TEMPE,AZ,USA,85284,,,,,,,,,,,1121 W WARNER RD 109 TEMPE AZ USA 85284,20090163458,1235520000000,04/01/2010,94350000,224-45,224,45,HARQUAHALA PLANTATIONS,1762002.0,3,,,9 1S 9W,RU-43,NO CITY/TOWN,,,CLUB VISTA FINANCIAL SERVICES LLC,2024,"      68,360","      28,292",2.R,2023,"      64,720","      26,945",2.R,1936.5181433650791,234335.14415237313,-113.18830184466628,33.35017114470489,"POLYGON ((-113.18615335924028 33.351999650514635, -113.18615494836003 33.348331634132116, -113.18615494925834 33.34833160786805, -113.18691330791951 33.348331035311126, -113.19044425651799 33.34832831285182, -113.19044423945 33.348479451238916, -113.19044383071653 33.3520246348509, -113.18615335924028 33.351999650514635))",40.3
30,1050364,40157625,1,401-57-625,401,57,625,4110,CV HARQUAHALA LLC,1121 W WARNER RD 109,,TEMPE,AZ,USA,85284,,,,,,,,,,,1121 W WARNER RD 109 TEMPE AZ USA 85284,20090163458,1235520000000,04/01/2010,94350000,224-45,224,45,HARQUAHALA PLANTATIONS,1696662.0,4,,,9 1S 9W,RU-43,NO CITY/TOWN,,,CLUB VISTA FINANCIAL SERVICES LLC,2024,"      65,825","      27,244",2.R,2023,"      62,320","      25,947",2.R,1910.5408957732895,228133.58264396398,-113.18829543763191,33.35380402262738,"POLYGON ((-113.19034518941015 33.35559491476986, -113.19024695504056 33.35559495678886, -113.18975250793514 33.35559516463293, -113.18925805993142 33.355595370226006, -113.188763612826 33.355595574318365, -113.18826916482223 33.35559577615974, -113.18777471771682 33.35559597575009, -113.18728026971309 33.35559617459005, -113.18678254824843 33.35559637192941, -113.18628278581149 33.35559656776801, -113.18615180605316 33.355596618791125, -113.18615335924028 33.351999650514635, -113.19044383071653 33.3520246348509, -113.19044342467804 33.355594872750856, -113.19034518941015 33.35559491476986))",39.23
31,1050365,40157626C,1,401-57-626C,401,57,626C,4110,CV HARQUAHALA LLC,1121 W WARNER RD 109,,TEMPE,AZ,USA,85284,,,,,,,,,,,1121 W WARNER RD 109 TEMPE AZ USA 85284,20090163458,1235520000000,04/01/2010,94350000,224-45,224,45,HARQUAHALA PLANTATIONS,1536361.0,XXXX,,,9 1S 9W,RU-43,NO CITY/TOWN,,,CLUB VISTA FINANCIAL SERVICES LLC,2024,"      59,606","      24,669",2.R,2023,"      56,432","      23,495",2.R,2360.4078462670973,205274.31262719422,-113.18300124867623,33.35196601887226,"POLYGON ((-113.1819784308725 33.35559817499546, -113.18204777272761 33.35201724295182, -113.18211615158872 33.3484859954854, -113.18211907740158 33.34833485560885, -113.18402395316494 33.34833333904597, -113.1840210291487 33.34848447892516, -113.18395286408662 33.35200909617937, -113.18388346473934 33.355597482431975, -113.1819784308725 33.35559817499546))",35.3
32,1050366,40157626D,1,401-57-626D,401,57,626D,4110,CV HARQUAHALA LLC,1121 W WARNER RD 109,,TEMPE,AZ,USA,85284,,,,,,,,,,,1121 W WARNER RD 109 TEMPE AZ USA 85284,20090163458,1235520000000,04/01/2010,94350000,224-45,224,45,HARQUAHALA PLANTATIONS,191620.0,XXXX,,,9 1S 9W,RU-43,NO CITY/TOWN,,,CLUB VISTA FINANCIAL SERVICES LLC,2024,"       7,434","       3,077",2.R,2023,"       7,038","       2,931",2.R,1991.5190009195899,26741.522528140198,-113.18192553826347,33.351918093459155,"POLYGON ((-113.18174076808938 33.355598259033464, -113.18179912804011 33.35201830472604, -113.18185909956848 33.3484861980936, -113.18185917233204 33.348335059718224, -113.18211907740158 33.34833485560885, -113.18211615158872 33.3484859954854, -113.18204777272761 33.35201724295182, -113.1819784308725 33.35559817499546, -113.18174076808938 33.355598259033464))",4.6
33,1050367,40157627B,1,401-57-627B,401,57,627B,4110,CV HARQUAHALA LLC,1121 W WARNER RD 109,,TEMPE,AZ,USA,85284,,,,,,,,,,,1121 W WARNER RD 109 TEMPE AZ USA 85284,20090163458,1235520000000,04/01/2010,94350000,224-45,224,45,HARQUAHALA PLANTATIONS,1633064.0,XXXX,,,9 1S 9W,RU-43,NO CITY/TOWN,,,CLUB VISTA FINANCIAL SERVICES LLC,2024,"      63,358","      26,221",2.R,2023,"      59,984","      24,973",2.R,2396.96519154737,222944.65384652978,-113.1851186624093,33.35200491755802,"POLYGON ((-113.18602082719318 33.35559667056453, -113.18401446156564 33.355597433659916, -113.18408386630283 33.3520085356526, -113.18415201699186 33.34848437311863, -113.18415494010978 33.34833323323927, -113.18560435744766 33.3483320581094, -113.18561230214802 33.34833205210613, -113.18615494925834 33.34833160786805, -113.18615494836003 33.348331634132116, -113.18615335924028 33.351999650514635, -113.18615180605316 33.355596618791125, -113.18602082719318 33.35559667056453))",38.34
34,1050368,40157627C,1,401-57-627C,401,57,627C,4110,CV HARQUAHALA LLC,1121 W WARNER RD 109,,TEMPE,AZ,USA,85284,,,,,,,,,,,1121 W WARNER RD 109 TEMPE AZ USA 85284,20050904505,1120089600000,06/01/2005,94350000,224-45,224,45,HARQUAHALA PLANTATIONS,95396.0,XXXX,,,9 1S 9W,RU-43,NO CITY/TOWN,,,CLUB VISTA FINANCIAL SERVICES LLC,2024,"       3,701","       1,530",2.R,2023,"       3,504","       1,458",2.R,1965.571520568904,14116.363405744081,-113.18401920412221,33.35196542003073,"POLYGON ((-113.18388346473934 33.355597482431975, -113.18395286408662 33.35200909617937, -113.1840210291487 33.34848447892516, -113.18402395316494 33.34833333904597, -113.18415494010978 33.34833323323927, -113.18415201699186 33.34848437311863, -113.18408386630283 33.3520085356526, -113.18401446156564 33.355597433659916, -113.18388346473934 33.355597482431975))",2.43
35,1050369,40157628A,1,401-57-628A,401,57,628A,4110,CV HARQUAHALA LLC,1121 W WARNER RD 109,,TEMPE,AZ,USA,85284,,,,,,,,,,,1121 W WARNER RD 109 TEMPE AZ USA 85284,20090163458,1235520000000,04/01/2010,94350000,224-45,224,45,HARQUAHALA PLANTATIONS,1199686.0,7,,,9 1S 9W,RU-43,NO CITY/TOWN,,,CLUB VISTA FINANCIAL SERVICES LLC,2024,"      46,544","      19,263",2.R,2023,"      44,066","      18,346",2.R,1633.8706942960466,159872.57302160445,-113.17893832219275,33.35018363506908,"POLYGON ((-113.17749594630091 33.349245211782964, -113.17751131917035 33.34833840275996, -113.18042833664579 33.34833617706711, -113.18042826118732 33.34848731544053, -113.1803651536403 33.3520244149924, -113.17762873885945 33.35203602772385, -113.17749860531414 33.35203657849569, -113.17744861766184 33.35203679010012, -113.17748057253313 33.35015201961519, -113.17749594630091 33.349245211782964))",27.49
36,1050370,40157628B,1,401-57-628B,401,57,628B,4110,CV HARQUAHALA LLC,1121 W WARNER RD 109,,TEMPE,AZ,USA,85284,,,,,,,,,,,1121 W WARNER RD 109 TEMPE AZ USA 85284,20090163458,1235520000000,04/01/2010,94350000,224-45,224,45,HARQUAHALA PLANTATIONS,1158435.0,7,,,9 1S 9W,RU-43,NO CITY/TOWN,,,CLUB VISTA FINANCIAL SERVICES LLC,2024,"      44,943","      18,600",2.R,2023,"      42,550","      17,715",2.R,2255.235370493998,154487.02708768062,-113.18108363779469,33.35196965700194,"POLYGON ((-113.18030392087725 33.355598759509995, -113.1803651536403 33.3520244149924, -113.18042826118732 33.34848731544053, -113.18042833664579 33.34833617706711, -113.18185917233204 33.348335059718224, -113.18185909956848 33.3484861980936, -113.18179912804011 33.35201830472604, -113.18174076808938 33.355598259033464, -113.18030392087725 33.355598759509995))",26.57
37,1050371,40157629A,1,401-57-629A,401,57,629A,4110,CV HARQUAHALA LLC,1121 W WARNER RD 109,,TEMPE,AZ,USA,85284,,,,,,,,,,,1121 W WARNER RD 109 TEMPE AZ USA 85284,20100327801,1271635200000,04/01/2010,94350000,224-45,224,45,HARQUAHALA PLANTATIONS,1152815.0,8,,,9 1S 9W,RU-43,NO CITY/TOWN,,,CLUB VISTA FINANCIAL SERVICES LLC,2024,"      44,725","      18,511",2.R,2023,"      42,344","      17,630",2.R,1600.5298902897796,154381.70822574937,-113.17887725435915,33.35381485675327,"POLYGON ((-113.17738868116777 33.35557212845329, -113.17744861766184 33.35203679010012, -113.17749860531414 33.35203657849569, -113.17762873885945 33.35203602772385, -113.1803651536403 33.3520244149924, -113.18030392087725 33.355598759509995, -113.17756832895324 33.35559966667054, -113.17748635858187 33.35559969293242, -113.17744006300539 33.35559970718889, -113.17738821314552 33.35559972369636, -113.17738868116777 33.35557212845329))",26.55
38,1268568,50627014,1,506-27-014,506,27,014,4110,CV HARQUAHALA LLC,1121 W WARNER RD 109,,TEMPE,AZ,USA,85284,,,,,,,,,,,1121 W WARNER RD 109 TEMPE AZ USA 85284,20090163458,1235520000000,04/01/2010,94350000,,,,,13939200.0,,,,21 1N 9W,RU-43,NO CITY/TOWN,,,CLUB VISTA FINANCIAL SERVICES LLC,2024,"     540,800","     359,659",2.R,2023,"     512,000","     342,533",2.R,5787.584882073217,1863048.2926583597,-113.18790672004918,33.41015312503185,"POLYGON ((-113.17925744465668 33.41378412336939, -113.17924567133659 33.40653403013443, -113.1879096096382 33.40652831289514, -113.19655188955831 33.40652326681624, -113.19655928538805 33.40652326306673, -113.19655929526951 33.40653471104383, -113.19656567151138 33.413771862023964, -113.18791246089091 33.41377829413162, -113.17925744465668 33.41378412336939))",319.94
39,1268569,50627015,1,506-27-015,506,27,015,4110,CV HARQUAHALA LLC,1121 W WARNER RD 109,,TEMPE,AZ,USA,85284,,,,,,,,,,,1121 W WARNER RD 109 TEMPE AZ USA 85284,20090163458,1235520000000,04/01/2010,94350000,,,,,6969600.0,,,,28 1N 9W,RU-43,NO CITY/TOWN,,,CLUB VISTA FINANCIAL SERVICES LLC,2024,"     270,400","     179,830",2.R,2023,"     256,000","     171,267",2.R,3860.720340156437,931567.2550251044,-113.1922313260388,33.402897960827204,"POLYGON ((-113.18790677904674 33.402899254584426, -113.18790395654011 33.39927198108951, -113.1965492152737 33.39926808728212, -113.19655291453604 33.399268085782225, -113.19655928538805 33.40652326306673, -113.19655188955831 33.40652326681624, -113.1879096096382 33.40652831289514, -113.18790677904674 33.402899254584426))",160.0
40,1268570,50627016,1,506-27-016,506,27,016,4110,CV HARQUAHALA LLC,1121 W WARNER RD 109,,TEMPE,AZ,USA,85284,,,,,,,,,,,1121 W WARNER RD 109 TEMPE AZ USA 85284,20090163458,1235520000000,04/01/2010,94350000,,,,,3484800.0,,,,28 1N 9W,RU-43,NO CITY/TOWN,,,CLUB VISTA FINANCIAL SERVICES LLC,2024,"     135,200","      89,916",2.R,2023,"     128,000","      85,635",2.R,2895.825523941403,466375.8431913072,-113.18357440150864,33.4010867917485,"POLYGON ((-113.1792441801332 33.40290151337831, -113.17924269701467 33.3992742309781, -113.18790395654011 33.39927198108951, -113.18790677904674 33.402899254584426, -113.1792441801332 33.40290151337831))",80.11
41,1268571,50627017,1,506-27-017,506,27,017,4110,CV HARQUAHALA LLC,1121 W WARNER RD 109,,TEMPE,AZ,USA,85284,,,,,,,,,,,1121 W WARNER RD 109 TEMPE AZ USA 85284,20090163458,1235520000000,04/01/2010,94350000,,,,,3484800.0,,,,28 1N 9W,RU-43,NO CITY/TOWN,,,CLUB VISTA FINANCIAL SERVICES LLC,2024,"     135,200","      89,916",2.R,2023,"     128,000","      85,635",2.R,2897.3805149407954,467825.3226897404,-113.19222514550847,33.39744792779721,"POLYGON ((-113.18790395654011 33.39927198108951, -113.18790112325371 33.39562323233882, -113.19654788037721 33.39562836080014, -113.19654972731341 33.39562836155015, -113.19655291453604 33.399268085782225, -113.1965492152737 33.39926808728212, -113.18790395654011 33.39927198108951))",80.36
42,1268572,50627018,1,506-27-018,506,27,018,4110,CV HARQUAHALA LLC,1121 W WARNER RD 109,,TEMPE,AZ,USA,85284,5800,S,523RD,AVE,,,,TONOPAH,85354,5800 S 523RD AVE   TONOPAH  85354,1121 W WARNER RD 109 TEMPE AZ USA 85284,20090163458,1235520000000,04/01/2010,94350000,,,,,6969600.0,,,,28 1N 9W,RU-43,NO CITY/TOWN,,,CLUB VISTA FINANCIAL SERVICES LLC,2024,"     270,400","     179,830",2.R,2023,"     256,000","     171,267",2.R,3865.379575595425,933816.90469649,-113.18357138057154,33.395640802094015,"POLYGON ((-113.17924269701467 33.3992742309781, -113.17923974065907 33.392010268624034, -113.18789831871338 33.39200597847783, -113.18790112325371 33.39562323233882, -113.18790395654011 33.39927198108951, -113.17924269701467 33.3992742309781))",160.42
43,1268573,50627019,1,506-27-019,506,27,019,4110,CV HARQUAHALA LLC,1121 W WARNER RD 109,,TEMPE,AZ,USA,85284,4602,S,523RD,AVE,,,,TONOPAH,85354,4602 S 523RD AVE   TONOPAH  85354,1121 W WARNER RD 109 TEMPE AZ USA 85284,20090163458,1235520000000,04/01/2010,94350000,,,,,3484800.0,,,,28 1N 9W,RU-43,NO CITY/TOWN,,,CLUB VISTA FINANCIAL SERVICES LLC,2024,"     135,200","      89,916",2.R,2023,"     128,000","      85,635",2.R,2897.100379403152,466918.8299547346,-113.18357587251849,33.40471582491473,"POLYGON ((-113.17924567133659 33.40653403013443, -113.1792441801332 33.40290151337831, -113.18790677904674 33.402899254584426, -113.1879096096382 33.40652831289514, -113.17924567133659 33.40653403013443))",80.19
44,1268574,50627020,1,506-27-020,506,27,020,4110,CV HARQUAHALA LLC,1121 W WARNER RD 109,,TEMPE,AZ,USA,85284,52702,W,SOUTHERN,AVE,,,,TONOPAH,85354,52702 W SOUTHERN AVE   TONOPAH  85354,1121 W WARNER RD 109 TEMPE AZ USA 85284,20090163458,1235520000000,04/01/2010,94350000,,,,,3484800.0,,,,28 1N 9W,RU-43,NO CITY/TOWN,,,CLUB VISTA FINANCIAL SERVICES LLC,2024,"     135,200","      89,916",2.R,2023,"     128,000","      85,635",2.R,2891.4001935747583,464965.75440199696,-113.19222592447728,33.39381467800619,"POLYGON ((-113.18790112325371 33.39562323233882, -113.18789831871338 33.39200597847783, -113.19654655536215 33.392001089060905, -113.19654814088862 33.39381472585286, -113.19654972731341 33.39562836155015, -113.19654788037721 33.39562836080014, -113.18790112325371 33.39562323233882))",79.88
45,1268658,50628001,1,506-28-001,506,28,001,4110,CV HARQUAHALA LLC,1121 W WARNER RD 109,,TEMPE,AZ,USA,85284,,,,,,,,,,,1121 W WARNER RD 109 TEMPE AZ USA 85284,20090163458,1235520000000,04/01/2010,94350000,,,,,6969600.0,,,,22 1N 9W,RU-43,NO CITY/TOWN,,,CLUB VISTA FINANCIAL SERVICES LLC,2024,"     270,400","     179,830",2.R,2023,"     256,000","     171,267",2.R,3861.0819433591378,931742.8132381716,-113.17492422232907,33.410160445828794,"POLYGON ((-113.17060245716857 33.41378934973737, -113.17059362133944 33.406533456460785, -113.17924567133659 33.40653403013443, -113.17925744465668 33.41378412336939, -113.17060245716857 33.41378934973737))",160.01
46,1268659,50628002,1,506-28-002,506,28,002,4110,CV HARQUAHALA LLC,1121 W WARNER RD 109,,TEMPE,AZ,USA,85284,5439,S,523RD,AVE,,,,TONOPAH,85354,5439 S 523RD AVE   TONOPAH  85354,1121 W WARNER RD 109 TEMPE AZ USA 85284,20100327801,1271635200000,04/01/2010,94350000,,,,,6864011.0,,,,22 1N 9W,RU-43,NO CITY/TOWN,,,CLUB VISTA FINANCIAL SERVICES LLC,2024,"     266,303","     177,103",2.R,2023,"     252,122","     168,670",2.R,3830.8217228991825,917162.5340927448,-113.1749371190646,33.41735525632993,"POLYGON ((-113.1706116855615 33.420916394511245, -113.17060245716857 33.41378934973737, -113.17925744465668 33.41378412336939, -113.1792690715514 33.42093050229572, -113.1706116855615 33.420916394511245))",157.48
47,1268660,50628003,1,506-28-003,506,28,003,4117,CV HARQUAHALA LLC,1121 W WARNER RD 109,,TEMPE,AZ,USA,85284,3222,S,HARQUAHALA VALLEY,RD,,,,TONOPAH,85354,3222 S HARQUAHALA VALLEY RD   TONOPAH  85354,1121 W WARNER RD 109 TEMPE AZ USA 85284,20090163458,1235520000000,04/01/2010,94350000,,,,,6579085.0,,,,22 1N 9W,RU-43,NO CITY/TOWN,1961,,CLUB VISTA FINANCIAL SERVICES LLC,2024,"     881,688","     728,722",2.R,2023,"     774,856","     694,021",2.R,3792.6072952102577,898985.9166561349,-113.16635521421367,33.417353698970736,"POLYGON ((-113.1620804436987 33.42090190058976, -113.16211872630284 33.413793886254474, -113.17060245716857 33.41378934973737, -113.1706116855615 33.420916394511245, -113.1620804436987 33.42090190058976))",154.36
48,1268661,50628004,1,506-28-004,506,28,004,4110,CV HARQUAHALA LLC,1121 W WARNER RD 109,,TEMPE,AZ,USA,85284,3604,S,515TH,AVE,,,,TONOPAH,85354,3604 S 515TH AVE   TONOPAH  85354,1121 W WARNER RD 109 TEMPE AZ USA 85284,20090163458,1235520000000,04/01/2010,94350000,,,,,6824415.0,,,,22 1N 9W,RU-43,NO CITY/TOWN,,,CLUB VISTA FINANCIAL SERVICES LLC,2024,"     264,767","     176,082",2.R,2023,"     250,667","     167,698",2.R,3823.490164849856,913544.9293096985,-113.16635858772227,33.41016309748495,"POLYGON ((-113.16211872630284 33.413793886254474, -113.16212175632029 33.40653230986336, -113.17059362133944 33.406533456460785, -113.17060245716857 33.41378934973737, -113.16211872630284 33.413793886254474))",156.88
49,1268662,50628005A,1,506-28-005A,506,28,005A,4110,CV HARQUAHALA LLC,1121 W WARNER RD 109,,TEMPE,AZ,USA,85284,2439,S,515TH,AVE,,,,TONOPAH,85354,2439 S 515TH AVE   TONOPAH  85354,1121 W WARNER RD 109 TEMPE AZ USA 85284,20090163458,1235520000000,04/01/2010,94350000,,,,,3339615.0,,,,23 1N 9W,RU-43,NO CITY/TOWN,,,CLUB VISTA FINANCIAL SERVICES LLC,2024,"     129,567","      53,623",2.R,2023,"     122,667","      51,070",2.R,2852.122930365125,443647.1094344791,-113.15970695930699,33.41741336814408,"POLYGON ((-113.16073268510826 33.41379472982166, -113.16176484397981 33.413794086461074, -113.16176834291785 33.42104872088088, -113.1616208799724 33.421048793609046, -113.15772048304363 33.42105067029552, -113.15768033643526 33.42105068829015, -113.15768009389014 33.42102399105254, -113.15761438931364 33.4137966216617, -113.16073268510826 33.41379472982166))",76.17
50,1268664,50628005B,1,506-28-005B,506,28,005B,4111,CV HARQUAHALA LLC,1121 W WARNER RD 109,,TEMPE,AZ,USA,85284,,,,,,,,,,,1121 W WARNER RD 109 TEMPE AZ USA 85284,20090163458,1235520000000,04/01/2010,94350000,,,,,3484800.0,,,,23 1N 9W,RU-43,NO CITY/TOWN,,,CLUB VISTA FINANCIAL SERVICES LLC,2024,"     155,300","      66,714",2.R,2023,"     127,930","      63,538",2.R,2906.5451496239243,470009.4090694466,-113.15546526770397,33.41743409366798,"POLYGON ((-113.15761438931364 33.4137966216617, -113.15768009389014 33.42102399105254, -113.15768033643526 33.42105068829015, -113.15350612671972 33.4210525589784, -113.1532823536875 33.421052654949584, -113.15328371283853 33.413799117870724, -113.15761438931364 33.4137966216617))",80.7
51,1268668,50628007B,1,506-28-007B,506,28,007B,4111,CV HARQUAHALA LLC,1121 W WARNER RD 109,,TEMPE,AZ,USA,85284,,,,,,,,,,,1121 W WARNER RD 109 TEMPE AZ USA 85284,20090163458,1235520000000,04/01/2010,94350000,,,,,5227200.0,,,,25 1N 9W,RU-43,NO CITY/TOWN,,,CLUB VISTA FINANCIAL SERVICES LLC,2024,"     261,800","     168,197",2.R,2023,"     175,040","     160,188",2.R,3865.980557488607,700165.5373557676,-113.14101133263446,33.39505504746109,"POLYGON ((-113.1402926419156 33.39928633237796, -113.14029414569538 33.3956590093128, -113.13596537724193 33.39568962406488, -113.13596932713425 33.39203205911352, -113.14462197990093 33.3920292232676, -113.14462287821621 33.39565698732876, -113.1446237828197 33.39928474995651, -113.1402926419156 33.39928633237796))",120.28
52,1268669,50628008A,1,506-28-008A,506,28,008A,0190,CV HARQUAHALA LLC,1121 W WARNER RD 109,,TEMPE,AZ,USA,85284,,,,,,,,,,,1121 W WARNER RD 109 TEMPE AZ USA 85284,20090163458,1235520000000,04/01/2010,94350000,,,,,3412185.0,,,,26 1N 9W,RU-43,NO CITY/TOWN,1940,"   1,800",CLUB VISTA FINANCIAL SERVICES LLC,2024,"     297,600","     131,638",2.R,2023,"     131,100","     125,370",2.R,2854.0613475580885,456297.90668873966,-113.15751563232757,33.397465211414136,"POLYGON ((-113.1532799677621 33.399281133635995, -113.15327741115682 33.39565334235746, -113.16072549589103 33.395649721385844, -113.16175088955019 33.395649188140034, -113.16175423218137 33.39927703883898, -113.1532799677621 33.399281133635995))",78.38
53,1268670,50628009B,1,506-28-009B,506,28,009B,4110,CV HARQUAHALA LLC,1121 W WARNER RD 109,,TEMPE,AZ,USA,85284,,,,,,,,,,,1121 W WARNER RD 109 TEMPE AZ USA 85284,20090163458,1235520000000,04/01/2010,94350000,,,,,3049200.0,,,,26 1N 9W,RU-43,NO CITY/TOWN,,,CLUB VISTA FINANCIAL SERVICES LLC,2024,"     118,300","      78,676",2.R,2023,"     112,000","      74,930",2.R,2625.348658945621,400981.9965984181,-113.15699946361023,33.39383767563176,"POLYGON ((-113.15327741115682 33.39565334235746, -113.15327486173801 33.39202544688972, -113.16072000808296 33.392021714763146, -113.16072549589103 33.395649721385844, -113.15327741115682 33.39565334235746))",68.89
54,1268673,50628010,1,506-28-010,506,28,010,4110,CV HARQUAHALA LLC,1121 W WARNER RD 109,,TEMPE,AZ,USA,85284,,,,,,,,,,,1121 W WARNER RD 109 TEMPE AZ USA 85284,20090163458,1235520000000,04/01/2010,94350000,,,,,3484800.0,,,,26 1N 9W,RU-43,NO CITY/TOWN,,,CLUB VISTA FINANCIAL SERVICES LLC,2024,"     135,200","      89,916",2.R,2023,"     128,000","      85,635",2.R,2894.061647761539,465965.30812921026,-113.14894930876173,33.39384130798504,"POLYGON ((-113.14462287821621 33.39565698732876, -113.14462197990093 33.3920292232676, -113.15327486173801 33.39202544688972, -113.15327741115682 33.39565334235746, -113.1446583113643 33.39565697382887, -113.14462287821621 33.39565698732876))",80.05
55,1268674,50628011,1,506-28-011,506,28,011,0014,CV HARQUAHALA LLC,1121 W WARNER RD 109,,TEMPE,AZ,USA,85284,,,,,,,,,,,1121 W WARNER RD 109 TEMPE AZ USA 85284,20090163458,1235520000000,04/01/2010,94350000,,,,,10454400.0,,,,26 1N 9W,RU-43,NO CITY/TOWN,,,CLUB VISTA FINANCIAL SERVICES LLC,2024,"     342,700","     216,861",2.R,2023,"     213,600","     206,535",2.R,4829.710306779619,1398475.366284753,-113.14895297202894,33.40109715496532,"POLYGON ((-113.1446237828197 33.39928474995651, -113.14462287821621 33.39565698732876, -113.1446583113643 33.39565697382887, -113.15327741115682 33.39565334235746, -113.1532799677621 33.399281133635995, -113.15328252885898 33.40291069104013, -113.15328509354913 33.40653799635647, -113.1447673327038 33.40653821457742, -113.14462560639973 33.406538213827574, -113.1446237828197 33.39928474995651))",240.21
56,1268675,50628012,1,506-28-012,506,28,012,4110,CV HARQUAHALA LLC,1121 W WARNER RD 109,,TEMPE,AZ,USA,85284,,,,,,,,,,,1121 W WARNER RD 109 TEMPE AZ USA 85284,20090163458,1235520000000,04/01/2010,94350000,,,,,6824415.0,,,,27 1N 9W,RU-43,NO CITY/TOWN,,,CLUB VISTA FINANCIAL SERVICES LLC,2024,"     264,767","     176,082",2.R,2023,"     250,667","     167,698",2.R,3822.317989135742,912988.529199898,-113.16634911295533,33.39564731263524,"POLYGON ((-113.1621078980104 33.39202097673813, -113.1621078971121 33.39202095123722, -113.17058374256625 33.392015970318056, -113.17058867252054 33.399275874146696, -113.16500308552611 33.39927661511001, -113.16211460752727 33.39927689859596, -113.1621078980104 33.39202097673813))",156.84
57,1268676,50628013,1,506-28-013,506,28,013,4110,CV HARQUAHALA LLC,1121 W WARNER RD 109,,TEMPE,AZ,USA,85284,,,,,,,,,,,1121 W WARNER RD 109 TEMPE AZ USA 85284,20090163458,1235520000000,04/01/2010,94350000,,,,,819843.0,,,,27 1N 9W,RU-43,NO CITY/TOWN,,,CLUB VISTA FINANCIAL SERVICES LLC,2024,"      31,807","      21,153",2.R,2023,"      30,114","      20,146",2.R,1328.043022119727,110118.98950491392,-113.1635595599171,33.40056126166732,"POLYGON ((-113.1621171371831 33.401846236286424, -113.16211460752727 33.39927689859596, -113.16500308552611 33.39927661511001, -113.16500341071627 33.40184595055899, -113.1621171371831 33.401846236286424))",18.91
58,1268678,50628014,1,506-28-014,506,28,014,4110,CV HARQUAHALA LLC,1121 W WARNER RD 109,,TEMPE,AZ,USA,85284,,,,,,,,,,,1121 W WARNER RD 109 TEMPE AZ USA 85284,20090163458,1235520000000,04/01/2010,94350000,,,,,6969600.0,,,,27 1N 9W,RU-43,NO CITY/TOWN,,,CLUB VISTA FINANCIAL SERVICES LLC,2024,"     270,400","     179,830",2.R,2023,"     256,000","     171,267",2.R,3862.3312413792414,932344.4863832862,-113.17491788494627,33.40290425980471,"POLYGON ((-113.17059362133944 33.406533456460785, -113.17058867252054 33.399275874146696, -113.17924269701467 33.3992742309781, -113.1792441801332 33.40290151337831, -113.17924567133659 33.40653403013443, -113.17059362133944 33.406533456460785))",160.14
59,1268679,50628015,1,506-28-015,506,28,015,4110,CV HARQUAHALA LLC,1121 W WARNER RD 109,,TEMPE,AZ,USA,85284,,,,,,,,,,,1121 W WARNER RD 109 TEMPE AZ USA 85284,20090163458,1235520000000,04/01/2010,94350000,,,,,6004572.0,,,,27 1N 9W,RU-43,NO CITY/TOWN,,,CLUB VISTA FINANCIAL SERVICES LLC,2024,"     232,959","     154,931",2.R,2023,"     220,554","     147,554",2.R,3821.409492774644,802543.2863466953,-113.16673844140479,33.40322602470065,"POLYGON ((-113.16212175632029 33.40653230986336, -113.1621171371831 33.401846236286424, -113.16500341071627 33.40184595055899, -113.16500308552611 33.39927661511001, -113.17058867252054 33.399275874146696, -113.17059362133944 33.406533456460785, -113.16212175632029 33.40653230986336))",137.84
60,1268680,50628016,1,506-28-016,506,28,016,4110,CV HARQUAHALA LLC,1121 W WARNER RD 109,,TEMPE,AZ,USA,85284,,,,,,,,,,,1121 W WARNER RD 109 TEMPE AZ USA 85284,20090163458,1235520000000,04/01/2010,94350000,,,,,6969600.0,,,,27 1N 9W,RU-43,NO CITY/TOWN,,,CLUB VISTA FINANCIAL SERVICES LLC,2024,"     270,400","     179,830",2.R,2023,"     256,000","     171,267",2.R,3863.4739362748423,932896.1393360121,-113.17491411612222,33.39564394769703,"POLYGON ((-113.17923974065907 33.392010268624034, -113.17924269701467 33.3992742309781, -113.17058867252054 33.399275874146696, -113.17058374256625 33.392015970318056, -113.17923974065907 33.392010268624034))",160.26
61,1268686,50628021,1,506-28-021,506,28,021,4111,CV HARQUAHALA LLC,1121 W WARNER RD 109,,TEMPE,AZ,USA,85284,6004,S,495TH,AVE,,,,TONOPAH,85354,6004 S 495TH AVE   TONOPAH  85354,1121 W WARNER RD 109 TEMPE AZ USA 85284,20090163458,1235520000000,04/01/2010,94350000,,,,,13921776.0,,,,31 1N 8W,RU-43,NO CITY/TOWN,,,CLUB VISTA FINANCIAL SERVICES LLC,2024,"     510,500","     335,220",2.R,2023,"     363,890","     319,258",2.R,5795.850375174387,1862548.777276762,-113.1229906256146,33.38477501864731,"POLYGON ((-113.11867668065982 33.39198096962123, -113.11866135989264 33.37751625309696, -113.12567039393008 33.377515959788084, -113.12730832362865 33.377516001046395, -113.12731665550291 33.39203429118891, -113.12300349617584 33.39203596224536, -113.11867674084692 33.39203748929694, -113.11867668065982 33.39198096962123))",320.04
62,1268687,50628023C,1,506-28-023C,506,28,023C,4110,CV HARQUAHALA LLC,1121 W WARNER RD 109,,TEMPE,AZ,USA,85284,,,,,,,,,,,1121 W WARNER RD 109 TEMPE AZ USA 85284,20100327801,1271635200000,04/01/2010,94350000,,,,,6933881.0,,,,30 1N 8W,RU-43,NO CITY/TOWN,,,CLUB VISTA FINANCIAL SERVICES LLC,2024,"     269,014","     178,907",2.R,2023,"     254,688","     170,388",2.R,3858.726297857693,930577.8311595856,-113.1229971431178,33.40292245384773,"POLYGON ((-113.11867971516885 33.400385174608424, -113.11868009156294 33.39929108639174, -113.1230038887396 33.399290702410816, -113.12731296073213 33.39929016918735, -113.12731182795656 33.402923019912684, -113.12731069967258 33.40655586272601, -113.12300447084793 33.40655506183282, -113.11868346833009 33.40655410870991, -113.11868158995284 33.40251785204865, -113.11868310002083 33.402350652410036, -113.1186806467218 33.40048645723861, -113.11867971516885 33.400385174608424))",159.83
63,1268688,50628025A,1,506-28-025A,506,28,025A,0014,CV HARQUAHALA LLC,1121 W WARNER RD 109,,TEMPE,AZ,USA,85284,,,,,,,,,,,1121 W WARNER RD 109 TEMPE AZ USA 85284,20090163458,1235520000000,04/01/2010,94350000,,,,,3412200.0,,,,26 1N 9W,RU-43,NO CITY/TOWN,,,CLUB VISTA FINANCIAL SERVICES LLC,2024,"     190,000","     127,779",2.R,2023,"     127,200","     121,695",2.R,2854.4237346273385,456374.1443584931,-113.1575216886679,33.404721586761774,"POLYGON ((-113.15328509354913 33.40653799635647, -113.15328252885898 33.40291069104013, -113.16175778861158 33.402905110799885, -113.16176135043168 33.406532406600505, -113.15328509354913 33.40653799635647))",78.38
64,1268689,50628026A,1,506-28-026A,506,28,026A,0014,CV HARQUAHALA LLC,1121 W WARNER RD 109,,TEMPE,AZ,USA,85284,,,,,,,,,,,1121 W WARNER RD 109 TEMPE AZ USA 85284,20090163458,1235520000000,04/01/2010,94350000,,,,,3412200.0,,,,26 1N 9W,RU-43,NO CITY/TOWN,,,CLUB VISTA FINANCIAL SERVICES LLC,2024,"     191,700","     130,315",2.R,2023,"     128,300","     124,110",2.R,2854.565197406244,456491.8852402721,-113.15751834040123,33.401093529304404,"POLYGON ((-113.15328252885898 33.40291069104013, -113.1532799677621 33.399281133635995, -113.16175423218137 33.39927703883898, -113.16175778861158 33.402905110799885, -113.15328252885898 33.40291069104013))",78.41
65,1268691,50628030,1,506-28-030,506,28,030,4110,CV HARQUAHALA LLC,1121 W WARNER RD 109,,TEMPE,AZ,USA,85284,49448,W,BASELINE,RD,,,,TONOPAH,85354,49448 W BASELINE RD   TONOPAH  85354,1121 W WARNER RD 109 TEMPE AZ USA 85284,20090163458,1235520000000,04/01/2010,94350000,,,,,8712000.0,,,,31 1N 8W,RU-43,NO CITY/TOWN,,,CLUB VISTA FINANCIAL SERVICES LLC,2024,"     338,000","     224,787",2.R,2023,"     320,000","     214,083",2.R,5797.804219975686,1163460.1603968828,-113.1149933443654,33.3825966796491,"POLYGON ((-113.11002005194966 33.38116396687074, -113.11001444376735 33.377516583913376, -113.113366227874 33.37751649689589, -113.11752760066415 33.377516262848914, -113.11866135989264 33.37751625309696, -113.11867668065982 33.39198096962123, -113.11867674084692 33.39203748929694, -113.11651470706214 33.392038194320705, -113.11651467562112 33.39196753290799, -113.11651142371979 33.38476639559683, -113.11002560353812 33.384771134652944, -113.11002005194966 33.38116396687074))",199.93
66,1268692,50628031A,1,506-28-031A,506,28,031A,4111,CV HARQUAHALA LLC,1121 W WARNER RD 109,,TEMPE,AZ,USA,85284,,,,,,,,,,,1121 W WARNER RD 109 TEMPE AZ USA 85284,20090163458,1235520000000,04/01/2010,94350000,,,,,3484800.0,,,,25 1N 9W,RU-43,NO CITY/TOWN,,,CLUB VISTA FINANCIAL SERVICES LLC,2024,"     138,209","      68,601",2.R,2023,"      82,859","      65,335",2.R,2899.0239250712384,466538.845726017,-113.14245800509472,33.402912519407714,"POLYGON ((-113.14028965052569 33.40653809534329, -113.1402926419156 33.39928633237796, -113.1446237828197 33.39928474995651, -113.14462560639973 33.406538213827574, -113.14028965052569 33.40653809534329))",80.13
67,1268693,50628031B,1,506-28-031B,506,28,031B,4111,CV HARQUAHALA LLC,1121 W WARNER RD 109,,TEMPE,AZ,USA,85284,,,,,,,,,,,1121 W WARNER RD 109 TEMPE AZ USA 85284,20090163458,1235520000000,04/01/2010,94350000,,,,,3484800.0,,,,25 1N 9W,RU-43,NO CITY/TOWN,,,CLUB VISTA FINANCIAL SERVICES LLC,2024,"     149,353","      72,187",2.R,2023,"     108,205","      68,750",2.R,2898.572087171578,466430.07213215745,-113.13812445312632,33.4029131758858,"POLYGON ((-113.13595368746513 33.40653782537924, -113.13596149562157 33.39928776330686, -113.1402926419156 33.39928633237796, -113.14028965052569 33.40653809534329, -113.13595368746513 33.40653782537924))",80.11
68,1268694,50628031C,1,506-28-031C,506,28,031C,4111,CV HARQUAHALA LLC,1121 W WARNER RD 109,,TEMPE,AZ,USA,85284,,,,,,,,,,,1121 W WARNER RD 109 TEMPE AZ USA 85284,20090163458,1235520000000,04/01/2010,94350000,,,,,3484800.0,,,,25 1N 9W,RU-43,NO CITY/TOWN,,,CLUB VISTA FINANCIAL SERVICES LLC,2024,"     139,958","      73,124",2.R,2023,"      85,576","      69,642",2.R,2897.0120116501957,465476.6366545267,-113.13379576472778,33.40291499898985,"POLYGON ((-113.13163219716212 33.40654691941807, -113.13163723042264 33.39928904199335, -113.13596149562157 33.39928776330686, -113.13595368746513 33.40653782537924, -113.13163219716212 33.40654691941807))",79.95
69,1268695,50628031D,1,506-28-031D,506,28,031D,4111,CV HARQUAHALA LLC,1121 W WARNER RD 109,,TEMPE,AZ,USA,85284,,,,,,,,,,,1121 W WARNER RD 109 TEMPE AZ USA 85284,20090163458,1235520000000,04/01/2010,94350000,,,,,3484800.0,,,,25 1N 9W,RU-43,NO CITY/TOWN,,,CLUB VISTA FINANCIAL SERVICES LLC,2024,"     139,658","      76,073",2.R,2023,"      85,679","      72,451",2.R,2899.0973966136,465979.16220988083,-113.12947288373155,33.40292011016109,"POLYGON ((-113.13163723042264 33.39928904199335, -113.13163219716212 33.40654691941807, -113.12731069967258 33.40655586272601, -113.12731182795656 33.402923019912684, -113.12731296073213 33.39929016918735, -113.13163723042264 33.39928904199335))",80.04
70,1268696,50628032A,1,506-28-032A,506,28,032A,4110,CV HARQUAHALA LLC,1121 W WARNER RD 109,,TEMPE,AZ,USA,85284,,,,,,,,,,,1121 W WARNER RD 109 TEMPE AZ USA 85284,20090163458,1235520000000,04/01/2010,94350000,,,,,3484800.0,,,,23 1N 9W,RU-43,NO CITY/TOWN,,,CLUB VISTA FINANCIAL SERVICES LLC,2024,"     135,200","      89,916",2.R,2023,"     128,000","      85,635",2.R,2897.5925471380638,465755.3367859887,-113.15112039184588,33.417426749102184,"POLYGON ((-113.15328371283853 33.413799117870724, -113.1532823536875 33.421052654949584, -113.1492917416497 33.421053490948495, -113.14895674730384 33.42105355392959, -113.14895846757761 33.4138014611128, -113.15328371283853 33.413799117870724))",79.97
71,1268699,50628034B,1,506-28-034B,506,28,034B,0014,CV HARQUAHALA LLC,1121 W WARNER RD 109,,TEMPE,AZ,USA,85284,,,,,,,,,,,1121 W WARNER RD 109 TEMPE AZ USA 85284,20090163458,1235520000000,04/01/2010,94350000,,,,,6098400.0,,,,19 1N 8W,RU-43,NO CITY/TOWN,,,CLUB VISTA FINANCIAL SERVICES LLC,2024,"     241,300","     138,694",2.R,2023,"     159,200","     132,090",2.R,3850.8545011518736,811332.97343625,-113.11484380059309,33.41769956876447,"POLYGON ((-113.11440346043027 33.42106845120456, -113.11007781092749 33.421070818243294, -113.1100725216471 33.41745904021478, -113.11223522827004 33.41743821360423, -113.11222983119181 33.41381087757109, -113.11868545720013 33.413811121268225, -113.11868746493481 33.421065958953385, -113.11440346043027 33.42106845120456))",139.31
72,1268701,50628036,1,506-28-036,506,28,036,4110,CV HARQUAHALA LLC,1121 W WARNER RD 109,,TEMPE,AZ,USA,85284,,,,,,,,,,,1121 W WARNER RD 109 TEMPE AZ USA 85284,20100327801,1271635200000,04/01/2010,94350000,,,,,5227200.0,,,,31 1N 8W,RU-43,NO CITY/TOWN,,,CLUB VISTA FINANCIAL SERVICES LLC,2024,"     202,800","     127,408",2.R,2023,"     192,000","     121,341",2.R,3381.736091480588,699413.2964398285,-113.11327234529988,33.3884032115683,"POLYGON ((-113.11002566462356 33.38481134611152, -113.11002560353812 33.384771134652944, -113.11651142371979 33.38476639559683, -113.11651467562112 33.39196753290799, -113.11651470706214 33.392038194320705, -113.1100368046314 33.39204008363445, -113.11003663035822 33.391927046499696, -113.11002566462356 33.38481134611152))",120.17
73,1268707,50629001,1,506-29-001,506,29,001,4110,CV HARQUAHALA LLC,1121 W WARNER RD 109,,TEMPE,AZ,USA,85284,,,,,,,,,,,1121 W WARNER RD 109 TEMPE AZ USA 85284,20090163458,1235520000000,04/01/2010,94350000,,,,,6829337.0,,,,5 1N 8W,IND-2,NO CITY/TOWN,,,CLUB VISTA FINANCIAL SERVICES LLC,2024,"     264,958","     176,208",2.R,2023,"     250,848","     167,818",2.R,3824.3916292986414,914068.9853819512,-113.09705191717993,33.46091942257335,"POLYGON ((-113.09270549915873 33.46447751163678, -113.0927100877532 33.463748661225715, -113.09271017219486 33.4637355511173, -113.09271095283083 33.46361125978721, -113.0927110345775 33.463598151156845, -113.09271616036453 33.46278412021355, -113.09272744410282 33.46099245002069, -113.09273870178995 33.45920352398999, -113.09275026400597 33.45736787787666, -113.09275032239647 33.45735872995408, -113.10138679380995 33.45736218272162, -113.10137600324676 33.46161266912688, -113.10136874845253 33.46447193610332, -113.09270549915873 33.46447751163678))",156.79
74,1268709,50629002,1,506-29-002,506,29,002,4110,CV HARQUAHALA LLC,1121 W WARNER RD 109,,TEMPE,AZ,USA,85284,,,,,,,,,,,1121 W WARNER RD 109 TEMPE AZ USA 85284,20090163458,1235520000000,04/01/2010,94350000,,,,,2613600.0,,,,5 1N 8W,IND-2,NO CITY/TOWN,,,CLUB VISTA FINANCIAL SERVICES LLC,2024,"     101,400","      67,436",2.R,2023,"      96,000","      64,225",2.R,2648.638848844477,349283.3649650861,-113.09707390636838,33.45599841656617,"POLYGON ((-113.09276270028276 33.45553555655208, -113.09276883038626 33.45463209113273, -113.09277988235921 33.45463210087604, -113.0934446563307 33.45463268172671, -113.09525584858969 33.45463424590129, -113.0970812701628 33.45463579658516, -113.09923749094938 33.45463759310002, -113.10139370904102 33.45463935214058, -113.10138679380995 33.45736218272162, -113.09275032239647 33.45735872995408, -113.09276270028276 33.45553555655208))",59.92
75,1268720,50629004,1,506-29-004,506,29,004,0014,CV HARQUAHALA LLC,1121 W WARNER RD 109,,TEMPE,AZ,USA,85284,,,,,,,,,,,1121 W WARNER RD 109 TEMPE AZ USA 85284,20090163458,1235520000000,04/01/2010,94350000,,,,,6755720.0,,,,6 1N 8W,IND-2,NO CITY/TOWN,,,CLUB VISTA FINANCIAL SERVICES LLC,2024,"     282,300","     181,581",2.R,2023,"     186,200","     172,935",2.R,3805.2572740095075,904981.7476147631,-113.12299448934327,33.46090960084348,"POLYGON ((-113.11869061442819 33.4644619848244, -113.1187205840227 33.45735937449071, -113.12728431884763 33.457353174947706, -113.12728230123149 33.46445615374463, -113.11869061442819 33.4644619848244))",155.23
76,1268721,50629005,1,506-29-005,506,29,005,0014,CV HARQUAHALA LLC,1121 W WARNER RD 109,,TEMPE,AZ,USA,85284,,,,,,,,,,,1121 W WARNER RD 109 TEMPE AZ USA 85284,20090163458,1235520000000,04/01/2010,94350000,,,,,6881609.0,,,,6 1N 8W,RU-43,NO CITY/TOWN,,,CLUB VISTA FINANCIAL SERVICES LLC,2024,"     279,600","     175,187",2.R,2023,"     184,300","     166,845",2.R,3840.7285029512886,921871.8801159137,-113.12301134632555,33.45372835760093,"POLYGON ((-113.1187205840227 33.45735937449071, -113.11875121657388 33.45010315662373, -113.12728639934582 33.45008964120806, -113.12728431884763 33.457353174947706, -113.1187205840227 33.45735937449071))",158.15
77,1268723,50629006B,1,506-29-006B,506,29,006B,4117,CV HARQUAHALA LLC,1121 W WARNER RD 109,,TEMPE,AZ,USA,85284,49111,W,VAN BUREN,ST,,,,TONOPAH,85354,49111 W VAN BUREN ST   TONOPAH  85354,1121 W WARNER RD 109 TEMPE AZ USA 85284,20090163458,1235520000000,04/01/2010,94350000,,,,,6847632.0,,,,7 1N 8W,IND-2,NO CITY/TOWN,1980,,CLUB VISTA FINANCIAL SERVICES LLC,2024,"     271,454","     116,683",2.R,2023,"     256,220","     111,127",2.R,3864.917497172642,917294.6184489024,-113.11448441483796,33.44642120262662,"POLYGON ((-113.11008901112244 33.44915287056296, -113.11009086165194 33.44284965077731, -113.114417591828 33.4428450475661, -113.11872048700465 33.44284032067288, -113.11873967232415 33.44284029893483, -113.11874541345715 33.44645386768527, -113.11875121657388 33.45010315662373, -113.11833817210456 33.450103587600005, -113.11123278836303 33.450110790524135, -113.11123305606095 33.44915174851341, -113.11008901112244 33.44915287056296))",157.4
78,1268737,50629017,1,506-29-017,506,29,017,4111,CV HARQUAHALA LLC,1121 W WARNER RD 109,,TEMPE,AZ,USA,85284,,,,,,,,,,,1121 W WARNER RD 109 TEMPE AZ USA 85284,20090163458,1235520000000,04/01/2010,94350000,,,,,6791875.0,,,,18 1N 8W,RU-43,NO CITY/TOWN,,,CLUB VISTA FINANCIAL SERVICES LLC,2024,"     314,552","     175,245",2.R,2023,"     218,054","     166,900",2.R,4814.7109313442525,911045.7860880462,-113.12517614407669,33.428314365219194,"POLYGON ((-113.12306456903875 33.42831712791671, -113.12305474775775 33.42106326501277, -113.12729710007748 33.421060501342964, -113.12728525579047 33.42831272635683, -113.12729140026701 33.43557481884509, -113.12306650221323 33.43557883921483, -113.12306649861998 33.43556654871233, -113.12306456903875 33.42831712791671))",156.39
79,1268739,50629019,1,506-29-019,506,29,019,4110,CV HARQUAHALA LLC,1121 W WARNER RD 109,,TEMPE,AZ,USA,85284,,,,,,,,,,,1121 W WARNER RD 109 TEMPE AZ USA 85284,20090163458,1235520000000,04/01/2010,94350000,,,,,6969600.0,,,,18 1N 8W,RU-43,NO CITY/TOWN,,,CLUB VISTA FINANCIAL SERVICES LLC,2024,"     270,400","     179,830",2.R,2023,"     256,000","     171,267",2.R,4836.310485833781,932599.4153431036,-113.11224755240174,33.428329239415135,"POLYGON ((-113.11008655872172 33.42832975981507, -113.11007781092749 33.421070818243294, -113.11440346043027 33.42106845120456, -113.1144125666523 33.428325700124496, -113.11441374434364 33.43557403995934, -113.11441374614029 33.43558662582258, -113.1100874040364 33.43559029235725, -113.11008655872172 33.42832975981507))",160.09
80,1268744,50629022A,1,506-29-022A,506,29,022A,4110,CV HARQUAHALA LLC,1121 W WARNER RD 109,,TEMPE,AZ,USA,85284,48700,W,VAN BUREN,ST,,,,TONOPAH,85354,48700 W VAN BUREN ST   TONOPAH  85354,1121 W WARNER RD 109 TEMPE AZ USA 85284,20090163458,1235520000000,04/01/2010,94350000,,,,,10879926.0,,,,5 1N 8W,IND-2,NO CITY/TOWN,,,CLUB VISTA FINANCIAL SERVICES LLC,2024,"     422,109","     280,724",2.R,2023,"     399,630","     267,357",2.R,4970.227145747041,1456441.099137873,-113.10564941434156,33.45585803499614,"POLYGON ((-113.10139370904102 33.45463935214058, -113.10139599525341 33.45009981974338, -113.10140524430757 33.450099833234816, -113.10145891684917 33.45009990893672, -113.10992917388396 33.45011169519938, -113.10992917298563 33.4501117956356, -113.10990116621002 33.457364994699795, -113.10991232508248 33.46160806915977, -113.10137600324676 33.46161266912688, -113.10138679380995 33.45736218272162, -113.10139370904102 33.45463935214058))",249.85
81,1268745,50629022B,1,506-29-022B,506,29,022B,4110,CV HARQUAHALA LLC,1121 W WARNER RD 109,,TEMPE,AZ,USA,85284,1219,N,491ST,AVE,,,,TONOPAH,85354,1219 N 491ST AVE   TONOPAH  85354,1121 W WARNER RD 109 TEMPE AZ USA 85284,20090163458,1235520000000,04/01/2010,94350000,,,,,2705131.0,,,,5 1N 8W,IND-2,NO CITY/TOWN,,,CLUB VISTA FINANCIAL SERVICES LLC,2024,"     104,950","      69,797",2.R,2023,"      99,362","      66,474",2.R,2663.035984253671,362450.16457509703,-113.10563929005066,33.4630398631162,"POLYGON ((-113.10136874845253 33.46447193610332, -113.10137600324676 33.46161266912688, -113.10991232508248 33.46160806915977, -113.10990008553674 33.46446733478916, -113.10136874845253 33.46447193610332))",62.17
82,1268748,50629023E,1,506-29-023E,506,29,023E,4110,CV HARQUAHALA LLC,1121 W WARNER RD 109,,TEMPE,AZ,USA,85284,912,N,491ST,AVE,,,,TONOPAH,85354,912 N 491ST AVE   TONOPAH  85354,1121 W WARNER RD 109 TEMPE AZ USA 85284,20090163458,1235520000000,04/01/2010,94350000,,,,,6614542.0,,,,6 1N 8W,IND-2,NO CITY/TOWN,,,CLUB VISTA FINANCIAL SERVICES LLC,2024,"     256,624","     170,671",2.R,2023,"     242,958","     162,544",2.R,3766.3851749945757,885330.3079258992,-113.11425323523443,33.45376909409792,"POLYGON ((-113.11016952083317 33.457433673790455, -113.11016981458226 33.45736497446434, -113.11019690866956 33.45011180687842, -113.11123278836303 33.450110790524135, -113.11833817210456 33.450103587600005, -113.1183075063157 33.45735965778702, -113.11830721615986 33.4574283571173, -113.11016952083317 33.457433673790455))",151.89
83,1268750,50629024A,1,506-29-024A,506,29,024A,4110,CV HARQUAHALA LLC,1121 W WARNER RD 109,,TEMPE,AZ,USA,85284,803,S,499TH,AVE,,,,TONOPAH,85354,803 S 499TH AVE   TONOPAH  85354,1121 W WARNER RD 109 TEMPE AZ USA 85284,20090163458,1235520000000,04/01/2010,94350000,,,,,10364231.0,,,,7 1N 8W,RU-43,NO CITY/TOWN,,,CLUB VISTA FINANCIAL SERVICES LLC,2024,"     402,101","     267,420",2.R,2023,"     380,688","     254,686",2.R,4802.386986943802,1387370.8462928657,-113.12085210470094,33.439208955634506,"POLYGON ((-113.114417591828 33.4428450475661, -113.11441374614029 33.43558662582258, -113.11868980504612 33.43558285358714, -113.12306650221323 33.43557883921483, -113.12729140026701 33.43557481884509, -113.1272873560516 33.44283046435754, -113.11873967232415 33.44284029893483, -113.11872048700465 33.44284032067288, -113.114417591828 33.4428450475661))",238.09
84,1268751,50629024B,1,506-29-024B,506,29,024B,4110,CV HARQUAHALA LLC,1121 W WARNER RD 109,,TEMPE,AZ,USA,85284,,,,,,,,,,,1121 W WARNER RD 109 TEMPE AZ USA 85284,20090163458,1235520000000,04/01/2010,94350000,,,,,3484800.0,,,,7 1N 8W,RU-43,NO CITY/TOWN,,,CLUB VISTA FINANCIAL SERVICES LLC,2024,"     135,200","      89,916",2.R,2023,"     128,000","      85,635",2.R,2899.947010968852,466382.2407047198,-113.11225235443577,33.43921795849878,"POLYGON ((-113.11009086165194 33.44284965077731, -113.1100874040364 33.43559029235725, -113.11441374614029 33.43558662582258, -113.114417591828 33.4428450475661, -113.11009086165194 33.44284965077731))",80.04
85,1268762,50629029,1,506-29-029,506,29,029,0014,CV HARQUAHALA LLC,1121 W WARNER RD 109,,TEMPE,AZ,USA,85284,,,,,,,,,,,1121 W WARNER RD 109 TEMPE AZ USA 85284,20090163458,1235520000000,04/01/2010,94350000,,,,,3437320.0,,,,7 1N 8W,RU-43,NO CITY/TOWN,,,CLUB VISTA FINANCIAL SERVICES LLC,2024,"     166,500","      94,704",2.R,2023,"     111,100","      90,195",2.R,2866.527136540021,458548.6715460224,-113.12301482821037,33.4446419465778,"POLYGON ((-113.1272873560516 33.44283046435754, -113.12728687814788 33.44644403201856, -113.11874541345715 33.44645386768527, -113.11873967232415 33.44284029893483, -113.1272873560516 33.44283046435754))",78.68
86,1268763,50629030,1,506-29-030,506,29,030,0014,CV HARQUAHALA LLC,1121 W WARNER RD 109,,TEMPE,AZ,USA,85284,,,,,,,,,,,1121 W WARNER RD 109 TEMPE AZ USA 85284,20090163458,1235520000000,04/01/2010,94350000,,,,,3436013.0,,,,7 1N 8W,RU-43,NO CITY/TOWN,,,CLUB VISTA FINANCIAL SERVICES LLC,2024,"     173,700","     104,076",2.R,2023,"     116,000","      99,120",2.R,2874.2171480352736,462528.88197673974,-113.12301675721515,33.448272451834825,"POLYGON ((-113.11875121657388 33.45010315662373, -113.11874541345715 33.44645386768527, -113.12728687814788 33.44644403201856, -113.12728639934582 33.45008964120806, -113.11875121657388 33.45010315662373))",79.36
87,1268767,50629032,1,506-29-032,506,29,032,0014,CV HARQUAHALA LLC,1121 W WARNER RD 109,,TEMPE,AZ,USA,85284,,,,,,,,,,,1121 W WARNER RD 109 TEMPE AZ USA 85284,20050904505,1120089600000,06/01/2005,94350000,,,,,6969600.0,,,,18 1N 8W,RU-43,NO CITY/TOWN,,,CLUB VISTA FINANCIAL SERVICES LLC,2024,"     260,500","     148,176",2.R,2023,"     171,300","     141,120",2.R,3863.534471980234,932923.4243171695,-113.11873942409453,33.43195216362203,"POLYGON ((-113.11441374434364 33.43557403995934, -113.1144125666523 33.428325700124496, -113.11868591713755 33.42832154147173, -113.12306456903875 33.42831712791671, -113.12306649861998 33.43556654871233, -113.12306650221323 33.43557883921483, -113.11868980504612 33.43558285358714, -113.11441374614029 33.43558662582258, -113.11441374434364 33.43557403995934))",160.13
88,1268768,50629033,1,506-29-033,506,29,033,0014,CV HARQUAHALA LLC,1121 W WARNER RD 109,,TEMPE,AZ,USA,85284,,,,,,,,,,,1121 W WARNER RD 109 TEMPE AZ USA 85284,20090163458,1235520000000,04/01/2010,94350000,,,,,6969600.0,,,,18 1N 8W,RU-43,NO CITY/TOWN,,,CLUB VISTA FINANCIAL SERVICES LLC,2024,"     261,000","     148,837",2.R,2023,"     171,700","     141,750",2.R,3861.67257604539,932026.7330498196,-113.1187334996612,33.42469372440572,"POLYGON ((-113.11868591713755 33.42832154147173, -113.1144125666523 33.428325700124496, -113.11440346043027 33.42106845120456, -113.11868746493481 33.421065958953385, -113.12305474775775 33.42106326501277, -113.12306456903875 33.42831712791671, -113.11868591713755 33.42832154147173))",160.0
89,1274198,50658004,1,506-58-004,506,58,004,0014,CV HARQUAHALA LLC,1121 W WARNER RD 109,,TEMPE,AZ,USA,85284,,,,,,,,,,,1121 W WARNER RD 109 TEMPE AZ USA 85284,20090163458,1235520000000,04/01/2010,94350000,,,,,1742400.0,,,,32 1N 8W,RU-43,NO CITY/TOWN,,,CLUB VISTA FINANCIAL SERVICES LLC,2024,"      70,600","      45,885",2.R,2023,"      43,700","      43,700",2.R,1934.8975855397603,233983.30182791554,-113.1078607538198,33.382984799146776,"POLYGON ((-113.10570027114063 33.384803587954536, -113.10569550917131 33.381160044497754, -113.10978802429831 33.38116376058795, -113.11002005194966 33.38116396687074, -113.11002560353812 33.384771134652944, -113.11002566462356 33.38481134611152, -113.10956161740567 33.384810521015105, -113.10570027114063 33.384803587954536))",40.21
90,1274205,50658002,1,506-58-002,506,58,002,0014,CV HARQUAHALA LLC,1121 W WARNER RD 109,,TEMPE,AZ,USA,85284,,,,,,,,,,,1121 W WARNER RD 109 TEMPE AZ USA 85284,20090163458,1235520000000,04/01/2010,94350000,,,,,1742400.0,,,,32 1N 8W,RU-43,NO CITY/TOWN,,,CLUB VISTA FINANCIAL SERVICES LLC,2024,"     114,200","      71,221",2.R,2023,"      76,200","      67,830",2.R,1928.8264248365783,232522.60638450735,-113.103543611301,33.39023118158869,"POLYGON ((-113.10138259777925 33.39196635386724, -113.1013787745494 33.388418880864904, -113.10570500526218 33.38842237387812, -113.1057096136196 33.39194121299463, -113.10570974477363 33.39204115767061, -113.10138267862764 33.39204208020173, -113.10138259777925 33.39196635386724))",39.95
91,1274207,50658003,1,506-58-003,506,58,003,0014,CV HARQUAHALA LLC,1121 W WARNER RD 109,,TEMPE,AZ,USA,85284,,,,,,,,,,,1121 W WARNER RD 109 TEMPE AZ USA 85284,20090163458,1235520000000,04/01/2010,94350000,,,,,10454400.0,,,,32 1N 8W,RU-43,NO CITY/TOWN,,,CLUB VISTA FINANCIAL SERVICES LLC,2024,"     257,900","     142,380",2.R,2023,"     135,600","     135,600",2.R,7721.271777320397,1397254.2078068226,-113.1028088371241,33.38417551448701,"MULTIPOLYGON (((-113.101370963698 33.38115597135064, -113.09272186376826 33.38114737348402, -113.0927196503194 33.37751533641295, -113.10136705692484 33.3775162620988, -113.10136803249524 33.378426189252984, -113.101370963698 33.38115597135064)), ((-113.101370963698 33.38115597135064, -113.10569550917131 33.381160044497754, -113.10570027114063 33.384803587954536, -113.10956161740567 33.384810521015105, -113.11002566462356 33.38481134611152, -113.11003663035822 33.391927046499696, -113.1100368046314 33.39204008363445, -113.10913509102056 33.39204031989238, -113.10570974477363 33.39204115767061, -113.1057096136196 33.39194121299463, -113.10570500526218 33.38842237387812, -113.1013787745494 33.388418880864904, -113.10137487496277 33.38479567902922, -113.101370963698 33.38115597135064)))",240.09
92,1390762,50627034A,1,506-27-034A,506,27,034A,4110,CV HARQUAHALA LLC,1121 W WARNER RD 109,,TEMPE,AZ,USA,85284,,,,,,,,,,,1121 W WARNER RD 109 TEMPE AZ USA 85284,20100327801,1271635200000,04/01/2010,,,,,,6801505.0,,,,33 1N 9W,RU-43,NO CITY/TOWN,,,CLUB VISTA FINANCIAL SERVICES LLC,2024,"     263,878","     175,492",2.R,2023,"     249,826","     167,136",2.R,3813.0157537883706,908596.0769102991,-113.19220888742943,33.381210125329005,"POLYGON ((-113.18788652473201 33.38474970838643, -113.187879905945 33.37767285139239, -113.19653104325381 33.37767056418735, -113.19653869151016 33.38474530986921, -113.19653869240845 33.3847465002592, -113.18788652473201 33.384750303956466, -113.18788652473201 33.38474970838643))",156.14
93,1603307,40156002,1,401-56-002,401,56,002,4110,CV HARQUAHALA LLC,1121 W WARNER RD 109,,TEMPE,AZ,USA,85284,,,,,,,,,,,1121 W WARNER RD 109 TEMPE AZ USA 85284,20090163458,1235520000000,04/01/2010,94350000,,,,,7125980.0,,,,1 1S 9W,RU-43,NO CITY/TOWN,,,CLUB VISTA FINANCIAL SERVICES LLC,2024,"     276,467","     183,862",2.R,2023,"     261,744","     175,107",2.R,3903.787752308581,952312.246703377,-113.12999361862016,33.373805405618626,"POLYGON ((-113.12566976690601 33.373805979402654, -113.12566914706846 33.370096107844375, -113.12566914617015 33.3700949682684, -113.134313414062 33.370093652391965, -113.13432151237426 33.37751482631051, -113.12730832362865 33.377516001046395, -113.12567039393008 33.377515959788084, -113.12566976690601 33.373805979402654))",163.67
94,1603308,40156018,1,401-56-018,401,56,018,4110,CV HARQUAHALA LLC,1121 W WARNER RD 109,,TEMPE,AZ,USA,85284,,,,,,,,,,,1121 W WARNER RD 109 TEMPE AZ USA 85284,20050904505,1120089600000,06/01/2005,94350000,,,,,14094709.0,,,,1 1S 9W,RU-43,NO CITY/TOWN,,,CLUB VISTA FINANCIAL SERVICES LLC,2024,"     546,833","     363,671",2.R,2023,"     517,712","     346,354",2.R,5838.863084445164,1883753.3928759214,-113.13863664147117,33.370174709523646,"POLYGON ((-113.13432151237426 33.37751482631051, -113.134313414062 33.370093652391965, -113.13430551158244 33.36283267340434, -113.13861950454609 33.36283085173119, -113.14294223991409 33.36282887625125, -113.14296908696468 33.37372367008, -113.1429724502571 33.37751313247044, -113.13432151237426 33.37751482631051))",323.79
95,1603310,40156025B,1,401-56-025B,401,56,025B,4110,CV HARQUAHALA LLC,1121 W WARNER RD 109,,TEMPE,AZ,USA,85284,,,,,,,,,,,1121 W WARNER RD 109 TEMPE AZ USA 85284,20050904505,1120089600000,06/01/2005,94350000,,,,,14069880.0,,,,2 1S 9W,RU-43,NO CITY/TOWN,,,CLUB VISTA FINANCIAL SERVICES LLC,2024,"     545,870","     363,032",2.R,2023,"     516,800","     345,745",2.R,5833.390537403212,1877614.5183118512,-113.14726866800609,33.370166706265834,"POLYGON ((-113.14296908696468 33.37372367008, -113.14294223991409 33.36282887625125, -113.15157725156523 33.36283136342026, -113.15157824150869 33.37009166282283, -113.15157927457126 33.37751074174044, -113.14462055696951 33.3775126066149, -113.1429724502571 33.37751313247044, -113.14296908696468 33.37372367008))",322.73
96,1612182,50628020,1,506-28-020,506,28,020,4110,CV HARQUAHALA LLC,1121 W WARNER RD 109,,TEMPE,AZ,USA,85284,50902,W,BASELINE,RD,,,,TONOPAH,85354,50902 W BASELINE RD   TONOPAH  85354,1121 W WARNER RD 109 TEMPE AZ USA 85284,20090163458,1235520000000,04/01/2010,94350000,,,,,13939200.0,,,,35 1N 9W,RU-43,NO CITY/TOWN,,,CLUB VISTA FINANCIAL SERVICES LLC,2024,"     540,800","     327,289",2.R,2023,"     512,000","     311,704",2.R,5796.600850145655,1863762.2861695176,-113.14894691106937,33.38476979562321,"POLYGON ((-113.14462197990093 33.3920292232676, -113.14462055696951 33.3775126066149, -113.15157927457126 33.37751074174044, -113.1532674605184 33.37751023763917, -113.15327052916341 33.377510239139504, -113.15327056240108 33.377620157893304, -113.15327486173801 33.39202544688972, -113.14462197990093 33.3920292232676))",320.25
97,1612184,50628022,1,506-28-022,506,28,022,4110,CV HARQUAHALA LLC,1121 W WARNER RD 109,,TEMPE,AZ,USA,85284,,,,,,,,,,,1121 W WARNER RD 109 TEMPE AZ USA 85284,20090163458,1235520000000,04/01/2010,94350000,,,,,13806778.0,,,,19 1N 8W,RU-43,NO CITY/TOWN,,,CLUB VISTA FINANCIAL SERVICES LLC,2024,"     535,662","     356,242",2.R,2023,"     507,136","     339,279",2.R,5788.504387092786,1856483.063661012,-113.12299475603947,33.413806676455266,"POLYGON ((-113.12305474775775 33.42106326501277, -113.11868746493481 33.421065958953385, -113.11868545720013 33.413811121268225, -113.11868346833009 33.40655410870991, -113.12300447084793 33.40655506183282, -113.12731069967258 33.40655586272601, -113.12730562508953 33.413810921811454, -113.12730135988856 33.41743571225119, -113.12729710007748 33.421060501342964, -113.12305474775775 33.42106326501277))",318.79
98,1612185,50628024A,1,506-28-024A,506,28,024A,4117,CV HARQUAHALA LLC,1121 W WARNER RD 109,,TEMPE,AZ,USA,85284,50102,W,BROADWAY,RD,,,,TONOPAH,85354,50102 W BROADWAY RD   TONOPAH  85354,1121 W WARNER RD 109 TEMPE AZ USA 85284,20090163458,1235520000000,04/01/2010,94350000,,,,,7109428.0,,,,24 1N 9W,RU-43,NO CITY/TOWN,1980,,CLUB VISTA FINANCIAL SERVICES LLC,2024,"     694,534","     573,837",2.R,2023,"     618,736","     546,512",2.R,4045.454014561901,951409.5614095973,-113.13172840738739,33.41023544268107,"POLYGON ((-113.12730562508953 33.413810921811454, -113.12731069967258 33.40655586272601, -113.13163219716212 33.40654691941807, -113.13595368746513 33.40653782537924, -113.13596258797297 33.41226873033698, -113.13678175179909 33.41226838465577, -113.13678415928405 33.41380724610858, -113.13596498018657 33.413807591783616, -113.12730562508953 33.413810921811454))",163.39
99,1612186,50628024B,1,506-28-024B,506,28,024B,4110,CV HARQUAHALA LLC,1121 W WARNER RD 109,,TEMPE,AZ,USA,85284,3220,,515TH,AVE,,,,TONOPAH,85354,3220  515TH AVE   TONOPAH  85354,1121 W WARNER RD 109 TEMPE AZ USA 85284,20100327801,1271635200000,04/01/2010,94350000,,,,,6829337.0,,,,24 1N 9W,RU-43,NO CITY/TOWN,,,CLUB VISTA FINANCIAL SERVICES LLC,2024,"     264,958","     176,208",2.R,2023,"     250,848","     167,818",2.R,3868.02178381576,916381.6705286507,-113.14037253294144,33.410112658689826,"POLYGON ((-113.13596258797297 33.41226873033698, -113.13595368746513 33.40653782537924, -113.14028965052569 33.40653809534329, -113.14462560639973 33.406538213827574, -113.14462561538288 33.40657392856526, -113.14462569353633 33.40688170941654, -113.14462745333597 33.413803655137166, -113.14029621810873 33.413805699194015, -113.13778277865616 33.41380681570189, -113.13678415928405 33.41380724610858, -113.13678175179909 33.41226838465577, -113.13596258797297 33.41226873033698))",157.37
100,1612187,50628027A,1,506-28-027A,506,28,027A,4111,CV HARQUAHALA LLC,1121 W WARNER RD 109,,TEMPE,AZ,USA,85284,,,,,,,,,,,1121 W WARNER RD 109 TEMPE AZ USA 85284,20090163458,1235520000000,04/01/2010,94350000,,,,,3484800.0,,,,25 1N 9W,RU-43,NO CITY/TOWN,,,CLUB VISTA FINANCIAL SERVICES LLC,2024,"     189,100","     117,570",2.R,2023,"     125,360","     111,972",2.R,2909.3651293024004,473426.86604104046,-113.13163008994778,33.39387654833238,"POLYGON ((-113.13596932713425 33.39203205911352, -113.13596537724193 33.39568962406488, -113.12731476095598 33.39575035104127, -113.1273148085667 33.395657573074175, -113.12731665550291 33.39203429118891, -113.13596932713425 33.39203205911352))",81.33
101,1612188,50628032B,1,506-28-032B,506,28,032B,4110,CV HARQUAHALA LLC,1121 W WARNER RD 109,,TEMPE,AZ,USA,85284,,,,,,,,,,,1121 W WARNER RD 109 TEMPE AZ USA 85284,20100327801,1271635200000,04/01/2010,94350000,,,,,3484800.0,,,,23 1N 9W,RU-43,NO CITY/TOWN,,,CLUB VISTA FINANCIAL SERVICES LLC,2024,"     135,200","      89,916",2.R,2023,"     128,000","      85,635",2.R,2898.052740347791,466071.40562336036,-113.14679306692267,33.417427744341154,"POLYGON ((-113.14462838129563 33.41742885752376, -113.14462745333597 33.413803655137166, -113.14469860529634 33.41380362064467, -113.14895846757761 33.4138014611128, -113.14895674730384 33.42105355392959, -113.14478931897037 33.421054278212104, -113.14462931554354 33.42105430370443, -113.14462838129563 33.41742885752376))",80.02
102,1622867,50628028B,1,506-28-028B,506,28,028B,4110,CV HARQUAHALA LLC,1121 W WARNER RD 109,,TEMPE,AZ,USA,85284,,,,,,,,,,,1121 W WARNER RD 109 TEMPE AZ USA 85284,20170629440,1503619200000,08/01/2017,,,,,,2756567.0,,,,24 1N 9W,RU-43,NO CITY/TOWN,,,,2024,"     106,946","      48,774",2.R,2023,"     101,251","      46,452",2.R,2493.064660915583,368864.19715281186,-113.14120019655172,33.415618173929985,"POLYGON ((-113.13776038455445 33.41742916944314, -113.13778277865616 33.41380681570189, -113.14029621810873 33.413805699194015, -113.14462745333597 33.413803655137166, -113.14462838129563 33.41742885752376, -113.1403470438892 33.41742909596213, -113.13776038455445 33.41742916944314))",63.34
103,1629147,50628028E,1,506-28-028E,506,28,028E,4110,CV HARQUAHALA LLC,1121 W WARNER RD 109,,TEMPE,AZ,USA,85284,,,,,,,,,,,1121 W WARNER RD 109 TEMPE AZ USA 85284,20170629452,1503619200000,04/01/2017,2267724,,,,,10262169.0,,,,24 1N 9W,RU-43,NO CITY/TOWN,,,,2024,"     398,142","     164,778",2.R,2023,"     376,939","     156,932",2.R,6305.967698634293,1372498.4428483034,-113.13401849609576,33.41768044645993,"POLYGON ((-113.14068276766707 33.41913332709826, -113.13981889918084 33.41913324986978, -113.13981853715977 33.41958601548647, -113.13981817334208 33.42003878174145, -113.13981781042271 33.42049154788478, -113.13981744750335 33.420944313166686, -113.13981591048588 33.4210542242283, -113.13597625584003 33.421053608663186, -113.13165062610017 33.421057119858666, -113.12945504023953 33.421058844340685, -113.12740524016971 33.421060419617525, -113.12729710007748 33.421060501342964, -113.12730135988856 33.41743571225119, -113.12730562508953 33.413810921811454, -113.13596498018657 33.413807591783616, -113.13678415928405 33.41380724610858, -113.13778277865616 33.41380681570189, -113.13776038455445 33.41742916944314, -113.1403470438892 33.41742909596213, -113.14462838129563 33.41742885752376, -113.14462931554354 33.42105430370443, -113.1441369884622 33.42105451289163, -113.14413687886773 33.42094464381782, -113.1441372184309 33.42049187778784, -113.1441375588924 33.420039113145826, -113.14413789845555 33.419586348392116, -113.14413823891707 33.41913358277716, -113.14327437222745 33.419133526542794, -113.14241050463954 33.41913346805908, -113.1415466361533 33.41913339982803, -113.14068276766707 33.41913332709826))",235.66
